region_code,region,product_family,month,seasonal_index,monthly_demand_ton,annual_demand_ton
1,서울특별시,Fresh_Food,1,1.12,219703.16728173086,2353962.5065899733
1,서울특별시,Fresh_Food,2,0.98,192240.27137151448,2353962.5065899733
1,서울특별시,Fresh_Food,3,0.96,188317.00052719787,2353962.5065899733
1,서울특별시,Fresh_Food,4,0.98,192240.27137151448,2353962.5065899733
1,서울특별시,Fresh_Food,5,1.0,196163.5422158311,2353962.5065899733
1,서울특별시,Fresh_Food,6,1.03,202048.44848230606,2353962.5065899733
1,서울특별시,Fresh_Food,7,1.08,211856.62559309762,2353962.5065899733
1,서울특별시,Fresh_Food,8,1.1,215779.89643741425,2353962.5065899733
1,서울특별시,Fresh_Food,9,1.15,225588.07354820575,2353962.5065899733
1,서울특별시,Fresh_Food,10,1.02,200086.81306014775,2353962.5065899733
1,서울특별시,Fresh_Food,11,0.91,178508.82341640632,2353962.5065899733
1,서울특별시,Fresh_Food,12,0.67,131429.57328460686,2353962.5065899733
1,서울특별시,FMCG_Packaged,1,1.0800000000000003,979289.8905250725,10880998.783611912
1,서울특별시,FMCG_Packaged,2,0.9300000000000002,843277.4057299234,10880998.783611912
1,서울특별시,FMCG_Packaged,3,0.9600000000000001,870479.9026889531,10880998.783611912
1,서울특별시,FMCG_Packaged,4,0.9900000000000001,897682.3996479829,10880998.783611912
1,서울특별시,FMCG_Packaged,5,1.0100000000000002,915817.3976206696,10880998.783611912
1,서울특별시,FMCG_Packaged,6,1.0200000000000002,924884.8966070128,10880998.783611912
1,서울특별시,FMCG_Packaged,7,1.0400000000000003,943019.8945796994,10880998.783611912
1,서울특별시,FMCG_Packaged,8,1.0500000000000003,952087.3935660427,10880998.783611912
1,서울특별시,FMCG_Packaged,9,1.1200000000000003,1015559.8864704454,10880998.783611912
1,서울특별시,FMCG_Packaged,10,1.0300000000000002,933952.3955933561,10880998.783611912
1,서울특별시,FMCG_Packaged,11,0.9400000000000001,852344.9047162666,10880998.783611912
1,서울특별시,FMCG_Packaged,12,0.8300000000000001,752602.4158664907,10880998.783611912
1,서울특별시,Industrial_Materials,1,0.9200000000000002,743176.4341544005,9693605.662883483
1,서울특별시,Industrial_Materials,2,0.8800000000000001,710864.4152781222,9693605.662883483
1,서울특별시,Industrial_Materials,3,1.0500000000000003,848190.4955023049,9693605.662883483
1,서울특별시,Industrial_Materials,4,1.0700000000000003,864346.504940444,9693605.662883483
1,서울특별시,Industrial_Materials,5,1.0800000000000003,872424.5096595136,9693605.662883483
1,서울특별시,Industrial_Materials,6,1.0600000000000003,856268.5002213744,9693605.662883483
1,서울특별시,Industrial_Materials,7,1.0000000000000002,807800.4719069571,9693605.662883483
1,서울특별시,Industrial_Materials,8,0.9800000000000001,791644.4624688178,9693605.662883483
1,서울특별시,Industrial_Materials,9,1.0200000000000002,823956.4813450963,9693605.662883483
1,서울특별시,Industrial_Materials,10,1.0700000000000003,864346.504940444,9693605.662883483
1,서울특별시,Industrial_Materials,11,1.0000000000000002,807800.4719069571,9693605.662883483
1,서울특별시,Industrial_Materials,12,0.8700000000000001,702786.4105590526,9693605.662883483
1,서울특별시,Durables_Electronics,1,0.96,696360.2784,8704503.48
1,서울특별시,Durables_Electronics,2,0.88,638330.2552,8704503.48
1,서울특별시,Durables_Electronics,3,0.95,689106.5255,8704503.48
1,서울특별시,Durables_Electronics,4,1.0,725375.29,8704503.48
1,서울특별시,Durables_Electronics,5,1.02,739882.7958000001,8704503.48
1,서울특별시,Durables_Electronics,6,1.04,754390.3016000001,8704503.48
1,서울특별시,Durables_Electronics,7,1.07,776151.5603000001,8704503.48
1,서울특별시,Durables_Electronics,8,1.03,747136.5487,8704503.48
1,서울특별시,Durables_Electronics,9,1.01,732629.0429,8704503.48
1,서울특별시,Durables_Electronics,10,1.04,754390.3016000001,8704503.48
1,서울특별시,Durables_Electronics,11,1.08,783405.3132000001,8704503.48
1,서울특별시,Durables_Electronics,12,0.92,667345.2668000001,8704503.48
1,서울특별시,Ecommerce_Misc,1,1.05,4608721.51632375,52671103.0437
1,서울특별시,Ecommerce_Misc,2,0.9,3950332.7282775,52671103.0437
1,서울특별시,Ecommerce_Misc,3,0.93,4082010.4858867503,52671103.0437
1,서울특별시,Ecommerce_Misc,4,0.96,4213688.243496,52671103.0437
1,서울특별시,Ecommerce_Misc,5,0.98,4301473.4152355,52671103.0437
1,서울특별시,Ecommerce_Misc,6,1.0,4389258.586975,52671103.0437
1,서울특별시,Ecommerce_Misc,7,1.04,4564828.930454,52671103.0437
1,서울특별시,Ecommerce_Misc,8,1.06,4652614.1021935,52671103.0437
1,서울특별시,Ecommerce_Misc,9,1.08,4740399.273933,52671103.0437
1,서울특별시,Ecommerce_Misc,10,1.02,4477043.7587145,52671103.0437
1,서울특별시,Ecommerce_Misc,11,0.98,4301473.4152355,52671103.0437
1,서울특별시,Ecommerce_Misc,12,1.0,4389258.586975,52671103.0437
2,부산광역시,Fresh_Food,1,1.12,359088.9726666667,3847381.85
2,부산광역시,Fresh_Food,2,0.98,314202.8510833333,3847381.85
2,부산광역시,Fresh_Food,3,0.96,307790.548,3847381.85
2,부산광역시,Fresh_Food,4,0.98,314202.8510833333,3847381.85
2,부산광역시,Fresh_Food,5,1.0,320615.1541666667,3847381.85
2,부산광역시,Fresh_Food,6,1.03,330233.6087916667,3847381.85
2,부산광역시,Fresh_Food,7,1.08,346264.3665,3847381.85
2,부산광역시,Fresh_Food,8,1.1,352676.66958333337,3847381.85
2,부산광역시,Fresh_Food,9,1.15,368707.4272916666,3847381.85
2,부산광역시,Fresh_Food,10,1.02,327027.45725000004,3847381.85
2,부산광역시,Fresh_Food,11,0.91,291759.7902916667,3847381.85
2,부산광역시,Fresh_Food,12,0.67,214812.15329166668,3847381.85
2,부산광역시,FMCG_Packaged,1,1.0800000000000003,805940.2987334896,8954892.208149882
2,부산광역시,FMCG_Packaged,2,0.9300000000000002,694004.146131616,8954892.208149882
2,부산광역시,FMCG_Packaged,3,0.9600000000000001,716391.3766519906,8954892.208149882
2,부산광역시,FMCG_Packaged,4,0.9900000000000001,738778.6071723653,8954892.208149882
2,부산광역시,FMCG_Packaged,5,1.0100000000000002,753703.4275192819,8954892.208149882
2,부산광역시,FMCG_Packaged,6,1.0200000000000002,761165.8376927401,8954892.208149882
2,부산광역시,FMCG_Packaged,7,1.0400000000000003,776090.6580396566,8954892.208149882
2,부산광역시,FMCG_Packaged,8,1.0500000000000003,783553.0682131149,8954892.208149882
2,부산광역시,FMCG_Packaged,9,1.1200000000000003,835789.9394273225,8954892.208149882
2,부산광역시,FMCG_Packaged,10,1.0300000000000002,768628.2478661983,8954892.208149882
2,부산광역시,FMCG_Packaged,11,0.9400000000000001,701466.5563050741,8954892.208149882
2,부산광역시,FMCG_Packaged,12,0.8300000000000001,619380.0443970335,8954892.208149882
2,부산광역시,Industrial_Materials,1,0.9200000000000002,430146.4359632575,5610605.686477271
2,부산광역시,Industrial_Materials,2,0.8800000000000001,411444.41700833326,5610605.686477271
2,부산광역시,Industrial_Materials,3,1.0500000000000003,490927.99756676133,5610605.686477271
2,부산광역시,Industrial_Materials,4,1.0700000000000003,500279.0070442234,5610605.686477271
2,부산광역시,Industrial_Materials,5,1.0800000000000003,504954.5117829545,5610605.686477271
2,부산광역시,Industrial_Materials,6,1.0600000000000003,495603.50230549235,5610605.686477271
2,부산광역시,Industrial_Materials,7,1.0000000000000002,467550.473873106,5610605.686477271
2,부산광역시,Industrial_Materials,8,0.9800000000000001,458199.4643956438,5610605.686477271
2,부산광역시,Industrial_Materials,9,1.0200000000000002,476901.4833505681,5610605.686477271
2,부산광역시,Industrial_Materials,10,1.0700000000000003,500279.0070442234,5610605.686477271
2,부산광역시,Industrial_Materials,11,1.0000000000000002,467550.473873106,5610605.686477271
2,부산광역시,Industrial_Materials,12,0.8700000000000001,406768.9122696022,5610605.686477271
2,부산광역시,Durables_Electronics,1,0.96,1388441.6844119378,17355521.055149224
2,부산광역시,Durables_Electronics,2,0.88,1272738.2107109432,17355521.055149224
2,부산광역시,Durables_Electronics,3,0.95,1373978.7501993135,17355521.055149224
2,부산광역시,Durables_Electronics,4,1.0,1446293.4212624354,17355521.055149224
2,부산광역시,Durables_Electronics,5,1.02,1475219.289687684,17355521.055149224
2,부산광역시,Durables_Electronics,6,1.04,1504145.158112933,17355521.055149224
2,부산광역시,Durables_Electronics,7,1.07,1547533.960750806,17355521.055149224
2,부산광역시,Durables_Electronics,8,1.03,1489682.2239003084,17355521.055149224
2,부산광역시,Durables_Electronics,9,1.01,1460756.3554750597,17355521.055149224
2,부산광역시,Durables_Electronics,10,1.04,1504145.158112933,17355521.055149224
2,부산광역시,Durables_Electronics,11,1.08,1561996.8949634302,17355521.055149224
2,부산광역시,Durables_Electronics,12,0.92,1330589.9475614405,17355521.055149224
2,부산광역시,Ecommerce_Misc,1,1.05,10287586.589980002,117572418.1712
2,부산광역시,Ecommerce_Misc,2,0.9,8817931.36284,117572418.1712
2,부산광역시,Ecommerce_Misc,3,0.93,9111862.408268,117572418.1712
2,부산광역시,Ecommerce_Misc,4,0.96,9405793.453696001,117572418.1712
2,부산광역시,Ecommerce_Misc,5,0.98,9601747.483981334,117572418.1712
2,부산광역시,Ecommerce_Misc,6,1.0,9797701.514266668,117572418.1712
2,부산광역시,Ecommerce_Misc,7,1.04,10189609.574837334,117572418.1712
2,부산광역시,Ecommerce_Misc,8,1.06,10385563.605122669,117572418.1712
2,부산광역시,Ecommerce_Misc,9,1.08,10581517.635408003,117572418.1712
2,부산광역시,Ecommerce_Misc,10,1.02,9993655.544552002,117572418.1712
2,부산광역시,Ecommerce_Misc,11,0.98,9601747.483981334,117572418.1712
2,부산광역시,Ecommerce_Misc,12,1.0,9797701.514266668,117572418.1712
3,대구광역시,Fresh_Food,1,1.12,96900.5604,1038220.29
3,대구광역시,Fresh_Food,2,0.98,84787.99035,1038220.29
3,대구광역시,Fresh_Food,3,0.96,83057.6232,1038220.29
3,대구광역시,Fresh_Food,4,0.98,84787.99035,1038220.29
3,대구광역시,Fresh_Food,5,1.0,86518.3575,1038220.29
3,대구광역시,Fresh_Food,6,1.03,89113.908225,1038220.29
3,대구광역시,Fresh_Food,7,1.08,93439.8261,1038220.29
3,대구광역시,Fresh_Food,8,1.1,95170.19325000001,1038220.29
3,대구광역시,Fresh_Food,9,1.15,99496.111125,1038220.29
3,대구광역시,Fresh_Food,10,1.02,88248.72465,1038220.29
3,대구광역시,Fresh_Food,11,0.91,78731.705325,1038220.29
3,대구광역시,Fresh_Food,12,0.67,57967.299525,1038220.29
3,대구광역시,FMCG_Packaged,1,1.0800000000000003,570870.9072000001,6343010.08
3,대구광역시,FMCG_Packaged,2,0.9300000000000002,491583.2812000001,6343010.08
3,대구광역시,FMCG_Packaged,3,0.9600000000000001,507440.80640000006,6343010.08
3,대구광역시,FMCG_Packaged,4,0.9900000000000001,523298.33160000003,6343010.08
3,대구광역시,FMCG_Packaged,5,1.0100000000000002,533870.0150666668,6343010.08
3,대구광역시,FMCG_Packaged,6,1.0200000000000002,539155.8568000002,6343010.08
3,대구광역시,FMCG_Packaged,7,1.0400000000000003,549727.5402666668,6343010.08
3,대구광역시,FMCG_Packaged,8,1.0500000000000003,555013.3820000001,6343010.08
3,대구광역시,FMCG_Packaged,9,1.1200000000000003,592014.2741333335,6343010.08
3,대구광역시,FMCG_Packaged,10,1.0300000000000002,544441.6985333335,6343010.08
3,대구광역시,FMCG_Packaged,11,0.9400000000000001,496869.1229333334,6343010.08
3,대구광역시,FMCG_Packaged,12,0.8300000000000001,438724.8638666667,6343010.08
3,대구광역시,Industrial_Materials,1,0.9200000000000002,186270.61662579313,2429616.7385973013
3,대구광역시,Industrial_Materials,2,0.8800000000000001,178171.89416380212,2429616.7385973013
3,대구광역시,Industrial_Materials,3,1.0500000000000003,212591.46462726392,2429616.7385973013
3,대구광역시,Industrial_Materials,4,1.0700000000000003,216640.8258582594,2429616.7385973013
3,대구광역시,Industrial_Materials,5,1.0800000000000003,218665.50647375715,2429616.7385973013
3,대구광역시,Industrial_Materials,6,1.0600000000000003,214616.14524276165,2429616.7385973013
3,대구광역시,Industrial_Materials,7,1.0000000000000002,202468.06154977516,2429616.7385973013
3,대구광역시,Industrial_Materials,8,0.9800000000000001,198418.70031877962,2429616.7385973013
3,대구광역시,Industrial_Materials,9,1.0200000000000002,206517.42278077066,2429616.7385973013
3,대구광역시,Industrial_Materials,10,1.0700000000000003,216640.8258582594,2429616.7385973013
3,대구광역시,Industrial_Materials,11,1.0000000000000002,202468.06154977516,2429616.7385973013
3,대구광역시,Industrial_Materials,12,0.8700000000000001,176147.21354830437,2429616.7385973013
3,대구광역시,Durables_Electronics,1,0.96,634700.3607999999,7933754.51
3,대구광역시,Durables_Electronics,2,0.88,581808.6640666666,7933754.51
3,대구광역시,Durables_Electronics,3,0.95,628088.8987083333,7933754.51
3,대구광역시,Durables_Electronics,4,1.0,661146.2091666666,7933754.51
3,대구광역시,Durables_Electronics,5,1.02,674369.1333499999,7933754.51
3,대구광역시,Durables_Electronics,6,1.04,687592.0575333333,7933754.51
3,대구광역시,Durables_Electronics,7,1.07,707426.4438083334,7933754.51
3,대구광역시,Durables_Electronics,8,1.03,680980.5954416667,7933754.51
3,대구광역시,Durables_Electronics,9,1.01,667757.6712583333,7933754.51
3,대구광역시,Durables_Electronics,10,1.04,687592.0575333333,7933754.51
3,대구광역시,Durables_Electronics,11,1.08,714037.9059,7933754.51
3,대구광역시,Durables_Electronics,12,0.92,608254.5124333333,7933754.51
3,대구광역시,Ecommerce_Misc,1,1.05,956642.21839375,10933053.9245
3,대구광역시,Ecommerce_Misc,2,0.9,819979.0443375,10933053.9245
3,대구광역시,Ecommerce_Misc,3,0.93,847311.67914875,10933053.9245
3,대구광역시,Ecommerce_Misc,4,0.96,874644.3139599999,10933053.9245
3,대구광역시,Ecommerce_Misc,5,0.98,892866.0705008332,10933053.9245
3,대구광역시,Ecommerce_Misc,6,1.0,911087.8270416666,10933053.9245
3,대구광역시,Ecommerce_Misc,7,1.04,947531.3401233333,10933053.9245
3,대구광역시,Ecommerce_Misc,8,1.06,965753.0966641667,10933053.9245
3,대구광역시,Ecommerce_Misc,9,1.08,983974.853205,10933053.9245
3,대구광역시,Ecommerce_Misc,10,1.02,929309.5835825,10933053.9245
3,대구광역시,Ecommerce_Misc,11,0.98,892866.0705008332,10933053.9245
3,대구광역시,Ecommerce_Misc,12,1.0,911087.8270416666,10933053.9245
4,인천광역시,Fresh_Food,1,1.12,1506078.2736379325,16136552.931834988
4,인천광역시,Fresh_Food,2,0.98,1317818.4894331908,16136552.931834988
4,인천광역시,Fresh_Food,3,0.96,1290924.234546799,16136552.931834988
4,인천광역시,Fresh_Food,4,0.98,1317818.4894331908,16136552.931834988
4,인천광역시,Fresh_Food,5,1.0,1344712.7443195824,16136552.931834988
4,인천광역시,Fresh_Food,6,1.03,1385054.12664917,16136552.931834988
4,인천광역시,Fresh_Food,7,1.08,1452289.763865149,16136552.931834988
4,인천광역시,Fresh_Food,8,1.1,1479184.0187515407,16136552.931834988
4,인천광역시,Fresh_Food,9,1.15,1546419.6559675196,16136552.931834988
4,인천광역시,Fresh_Food,10,1.02,1371606.999205974,16136552.931834988
4,인천광역시,Fresh_Food,11,0.91,1223688.59733082,16136552.931834988
4,인천광역시,Fresh_Food,12,0.67,900957.5386941202,16136552.931834988
4,인천광역시,FMCG_Packaged,1,1.0800000000000003,1311592.2609812685,14573247.34423631
4,인천광역시,FMCG_Packaged,2,0.9300000000000002,1129426.6691783143,14573247.34423631
4,인천광역시,FMCG_Packaged,3,0.9600000000000001,1165859.787538905,14573247.34423631
4,인천광역시,FMCG_Packaged,4,0.9900000000000001,1202292.9058994958,14573247.34423631
4,인천광역시,FMCG_Packaged,5,1.0100000000000002,1226581.6514732232,14573247.34423631
4,인천광역시,FMCG_Packaged,6,1.0200000000000002,1238726.0242600867,14573247.34423631
4,인천광역시,FMCG_Packaged,7,1.0400000000000003,1263014.769833814,14573247.34423631
4,인천광역시,FMCG_Packaged,8,1.0500000000000003,1275159.1426206776,14573247.34423631
4,인천광역시,FMCG_Packaged,9,1.1200000000000003,1360169.7521287228,14573247.34423631
4,인천광역시,FMCG_Packaged,10,1.0300000000000002,1250870.3970469504,14573247.34423631
4,인천광역시,FMCG_Packaged,11,0.9400000000000001,1141571.0419651777,14573247.34423631
4,인천광역시,FMCG_Packaged,12,0.8300000000000001,1007982.9413096783,14573247.34423631
4,인천광역시,Industrial_Materials,1,0.9200000000000002,561374.9672949454,7322282.182107981
4,인천광역시,Industrial_Materials,2,0.8800000000000001,536967.3600212521,7322282.182107981
4,인천광역시,Industrial_Materials,3,1.0500000000000003,640699.6909344485,7322282.182107981
4,인천광역시,Industrial_Materials,4,1.0700000000000003,652903.4945712952,7322282.182107981
4,인천광역시,Industrial_Materials,5,1.0800000000000003,659005.3963897185,7322282.182107981
4,인천광역시,Industrial_Materials,6,1.0600000000000003,646801.5927528718,7322282.182107981
4,인천광역시,Industrial_Materials,7,1.0000000000000002,610190.1818423319,7322282.182107981
4,인천광역시,Industrial_Materials,8,0.9800000000000001,597986.3782054852,7322282.182107981
4,인천광역시,Industrial_Materials,9,1.0200000000000002,622393.9854791786,7322282.182107981
4,인천광역시,Industrial_Materials,10,1.0700000000000003,652903.4945712952,7322282.182107981
4,인천광역시,Industrial_Materials,11,1.0000000000000002,610190.1818423319,7322282.182107981
4,인천광역시,Industrial_Materials,12,0.8700000000000001,530865.4582028287,7322282.182107981
4,인천광역시,Durables_Electronics,1,0.96,1988508.4064000002,24856355.080000002
4,인천광역시,Durables_Electronics,2,0.88,1822799.3725333335,24856355.080000002
4,인천광역시,Durables_Electronics,3,0.95,1967794.7771666667,24856355.080000002
4,인천광역시,Durables_Electronics,4,1.0,2071362.9233333336,24856355.080000002
4,인천광역시,Durables_Electronics,5,1.02,2112790.1818000004,24856355.080000002
4,인천광역시,Durables_Electronics,6,1.04,2154217.440266667,24856355.080000002
4,인천광역시,Durables_Electronics,7,1.07,2216358.3279666672,24856355.080000002
4,인천광역시,Durables_Electronics,8,1.03,2133503.8110333337,24856355.080000002
4,인천광역시,Durables_Electronics,9,1.01,2092076.5525666669,24856355.080000002
4,인천광역시,Durables_Electronics,10,1.04,2154217.440266667,24856355.080000002
4,인천광역시,Durables_Electronics,11,1.08,2237071.9572000005,24856355.080000002
4,인천광역시,Durables_Electronics,12,0.92,1905653.889466667,24856355.080000002
4,인천광역시,Ecommerce_Misc,1,1.05,4780090.7143325,54629608.1638
4,인천광역시,Ecommerce_Misc,2,0.9,4097220.612285,54629608.1638
4,인천광역시,Ecommerce_Misc,3,0.93,4233794.6326945,54629608.1638
4,인천광역시,Ecommerce_Misc,4,0.96,4370368.653104,54629608.1638
4,인천광역시,Ecommerce_Misc,5,0.98,4461418.000043666,54629608.1638
4,인천광역시,Ecommerce_Misc,6,1.0,4552467.346983333,54629608.1638
4,인천광역시,Ecommerce_Misc,7,1.04,4734566.040862666,54629608.1638
4,인천광역시,Ecommerce_Misc,8,1.06,4825615.387802334,54629608.1638
4,인천광역시,Ecommerce_Misc,9,1.08,4916664.734742,54629608.1638
4,인천광역시,Ecommerce_Misc,10,1.02,4643516.693923,54629608.1638
4,인천광역시,Ecommerce_Misc,11,0.98,4461418.000043666,54629608.1638
4,인천광역시,Ecommerce_Misc,12,1.0,4552467.346983333,54629608.1638
5,광주광역시,Fresh_Food,1,1.12,50293.66346666668,538860.68
5,광주광역시,Fresh_Food,2,0.98,44006.955533333334,538860.68
5,광주광역시,Fresh_Food,3,0.96,43108.854400000004,538860.68
5,광주광역시,Fresh_Food,4,0.98,44006.955533333334,538860.68
5,광주광역시,Fresh_Food,5,1.0,44905.05666666667,538860.68
5,광주광역시,Fresh_Food,6,1.03,46252.20836666667,538860.68
5,광주광역시,Fresh_Food,7,1.08,48497.461200000005,538860.68
5,광주광역시,Fresh_Food,8,1.1,49395.56233333334,538860.68
5,광주광역시,Fresh_Food,9,1.15,51640.81516666667,538860.68
5,광주광역시,Fresh_Food,10,1.02,45803.15780000001,538860.68
5,광주광역시,Fresh_Food,11,0.91,40863.60156666667,538860.68
5,광주광역시,Fresh_Food,12,0.67,30086.387966666673,538860.68
5,광주광역시,FMCG_Packaged,1,1.0800000000000003,210589.1037000001,2339878.93
5,광주광역시,FMCG_Packaged,2,0.9300000000000002,181340.61707500005,2339878.93
5,광주광역시,FMCG_Packaged,3,0.9600000000000001,187190.31440000003,2339878.93
5,광주광역시,FMCG_Packaged,4,0.9900000000000001,193040.01172500005,2339878.93
5,광주광역시,FMCG_Packaged,5,1.0100000000000002,196939.80994166672,2339878.93
5,광주광역시,FMCG_Packaged,6,1.0200000000000002,198889.70905000006,2339878.93
5,광주광역시,FMCG_Packaged,7,1.0400000000000003,202789.50726666674,2339878.93
5,광주광역시,FMCG_Packaged,8,1.0500000000000003,204739.40637500008,2339878.93
5,광주광역시,FMCG_Packaged,9,1.1200000000000003,218388.70013333342,2339878.93
5,광주광역시,FMCG_Packaged,10,1.0300000000000002,200839.6081583334,2339878.93
5,광주광역시,FMCG_Packaged,11,0.9400000000000001,183290.51618333336,2339878.93
5,광주광역시,FMCG_Packaged,12,0.8300000000000001,161841.6259916667,2339878.93
5,광주광역시,Industrial_Materials,1,0.9200000000000002,261143.7158122786,3406222.380160155
5,광주광역시,Industrial_Materials,2,0.8800000000000001,249789.64121174475,3406222.380160155
5,광주광역시,Industrial_Materials,3,1.0500000000000003,298044.45826401364,3406222.380160155
5,광주광역시,Industrial_Materials,4,1.0700000000000003,303721.49556428054,3406222.380160155
5,광주광역시,Industrial_Materials,5,1.0800000000000003,306560.01421441406,3406222.380160155
5,광주광역시,Industrial_Materials,6,1.0600000000000003,300882.9769141471,3406222.380160155
5,광주광역시,Industrial_Materials,7,1.0000000000000002,283851.8650133463,3406222.380160155
5,광주광역시,Industrial_Materials,8,0.9800000000000001,278174.82771307934,3406222.380160155
5,광주광역시,Industrial_Materials,9,1.0200000000000002,289528.9023136132,3406222.380160155
5,광주광역시,Industrial_Materials,10,1.0700000000000003,303721.49556428054,3406222.380160155
5,광주광역시,Industrial_Materials,11,1.0000000000000002,283851.8650133463,3406222.380160155
5,광주광역시,Industrial_Materials,12,0.8700000000000001,246951.12256161126,3406222.380160155
5,광주광역시,Durables_Electronics,1,0.96,574157.2703999999,7176965.88
5,광주광역시,Durables_Electronics,2,0.88,526310.8312,7176965.88
5,광주광역시,Durables_Electronics,3,0.95,568176.4654999999,7176965.88
5,광주광역시,Durables_Electronics,4,1.0,598080.49,7176965.88
5,광주광역시,Durables_Electronics,5,1.02,610042.0998,7176965.88
5,광주광역시,Durables_Electronics,6,1.04,622003.7096000001,7176965.88
5,광주광역시,Durables_Electronics,7,1.07,639946.1243,7176965.88
5,광주광역시,Durables_Electronics,8,1.03,616022.9047,7176965.88
5,광주광역시,Durables_Electronics,9,1.01,604061.2949,7176965.88
5,광주광역시,Durables_Electronics,10,1.04,622003.7096000001,7176965.88
5,광주광역시,Durables_Electronics,11,1.08,645926.9292,7176965.88
5,광주광역시,Durables_Electronics,12,0.92,550234.0508,7176965.88
5,광주광역시,Ecommerce_Misc,1,1.05,856651.8545025,9790306.9086
5,광주광역시,Ecommerce_Misc,2,0.9,734273.018145,9790306.9086
5,광주광역시,Ecommerce_Misc,3,0.93,758748.7854165001,9790306.9086
5,광주광역시,Ecommerce_Misc,4,0.96,783224.552688,9790306.9086
5,광주광역시,Ecommerce_Misc,5,0.98,799541.730869,9790306.9086
5,광주광역시,Ecommerce_Misc,6,1.0,815858.90905,9790306.9086
5,광주광역시,Ecommerce_Misc,7,1.04,848493.265412,9790306.9086
5,광주광역시,Ecommerce_Misc,8,1.06,864810.4435930001,9790306.9086
5,광주광역시,Ecommerce_Misc,9,1.08,881127.6217740001,9790306.9086
5,광주광역시,Ecommerce_Misc,10,1.02,832176.0872310001,9790306.9086
5,광주광역시,Ecommerce_Misc,11,0.98,799541.730869,9790306.9086
5,광주광역시,Ecommerce_Misc,12,1.0,815858.90905,9790306.9086
6,대전광역시,Fresh_Food,1,1.12,66603.98266666668,713614.1
6,대전광역시,Fresh_Food,2,0.98,58278.484833333336,713614.1
6,대전광역시,Fresh_Food,3,0.96,57089.128,713614.1
6,대전광역시,Fresh_Food,4,0.98,58278.484833333336,713614.1
6,대전광역시,Fresh_Food,5,1.0,59467.84166666667,713614.1
6,대전광역시,Fresh_Food,6,1.03,61251.87691666667,713614.1
6,대전광역시,Fresh_Food,7,1.08,64225.26900000001,713614.1
6,대전광역시,Fresh_Food,8,1.1,65414.62583333334,713614.1
6,대전광역시,Fresh_Food,9,1.15,68388.01791666666,713614.1
6,대전광역시,Fresh_Food,10,1.02,60657.1985,713614.1
6,대전광역시,Fresh_Food,11,0.91,54115.73591666667,713614.1
6,대전광역시,Fresh_Food,12,0.67,39843.45391666667,713614.1
6,대전광역시,FMCG_Packaged,1,1.0800000000000003,319289.9715000001,3547666.35
6,대전광역시,FMCG_Packaged,2,0.9300000000000002,274944.142125,3547666.35
6,대전광역시,FMCG_Packaged,3,0.9600000000000001,283813.308,3547666.35
6,대전광역시,FMCG_Packaged,4,0.9900000000000001,292682.473875,3547666.35
6,대전광역시,FMCG_Packaged,5,1.0100000000000002,298595.25112500007,3547666.35
6,대전광역시,FMCG_Packaged,6,1.0200000000000002,301551.63975000003,3547666.35
6,대전광역시,FMCG_Packaged,7,1.0400000000000003,307464.4170000001,3547666.35
6,대전광역시,FMCG_Packaged,8,1.0500000000000003,310420.8056250001,3547666.35
6,대전광역시,FMCG_Packaged,9,1.1200000000000003,331115.52600000007,3547666.35
6,대전광역시,FMCG_Packaged,10,1.0300000000000002,304508.02837500005,3547666.35
6,대전광역시,FMCG_Packaged,11,0.9400000000000001,277900.53075000003,3547666.35
6,대전광역시,FMCG_Packaged,12,0.8300000000000001,245380.255875,3547666.35
6,대전광역시,Industrial_Materials,1,0.9200000000000002,400883.45040215587,5228914.570462902
6,대전광역시,Industrial_Materials,2,0.8800000000000001,383453.73516727955,5228914.570462902
6,대전광역시,Industrial_Materials,3,1.0500000000000003,457530.02491550404,5228914.570462902
6,대전광역시,Industrial_Materials,4,1.0700000000000003,466244.8825329422,5228914.570462902
6,대전광역시,Industrial_Materials,5,1.0800000000000003,470602.3113416613,5228914.570462902
6,대전광역시,Industrial_Materials,6,1.0600000000000003,461887.45372422313,5228914.570462902
6,대전광역시,Industrial_Materials,7,1.0000000000000002,435742.8808719086,5228914.570462902
6,대전광역시,Industrial_Materials,8,0.9800000000000001,427028.0232544704,5228914.570462902
6,대전광역시,Industrial_Materials,9,1.0200000000000002,444457.73848934675,5228914.570462902
6,대전광역시,Industrial_Materials,10,1.0700000000000003,466244.8825329422,5228914.570462902
6,대전광역시,Industrial_Materials,11,1.0000000000000002,435742.8808719086,5228914.570462902
6,대전광역시,Industrial_Materials,12,0.8700000000000001,379096.30635856045,5228914.570462902
6,대전광역시,Durables_Electronics,1,0.96,439422.232,5492777.9
6,대전광역시,Durables_Electronics,2,0.88,402803.7126666667,5492777.9
6,대전광역시,Durables_Electronics,3,0.95,434844.91708333336,5492777.9
6,대전광역시,Durables_Electronics,4,1.0,457731.4916666667,5492777.9
6,대전광역시,Durables_Electronics,5,1.02,466886.12150000007,5492777.9
6,대전광역시,Durables_Electronics,6,1.04,476040.7513333334,5492777.9
6,대전광역시,Durables_Electronics,7,1.07,489772.6960833334,5492777.9
6,대전광역시,Durables_Electronics,8,1.03,471463.4364166667,5492777.9
6,대전광역시,Durables_Electronics,9,1.01,462308.80658333335,5492777.9
6,대전광역시,Durables_Electronics,10,1.04,476040.7513333334,5492777.9
6,대전광역시,Durables_Electronics,11,1.08,494350.01100000006,5492777.9
6,대전광역시,Durables_Electronics,12,0.92,421112.9723333334,5492777.9
6,대전광역시,Ecommerce_Misc,1,1.05,570945.17407375,6525087.7037
6,대전광역시,Ecommerce_Misc,2,0.9,489381.57777750003,6525087.7037
6,대전광역시,Ecommerce_Misc,3,0.93,505694.29703675,6525087.7037
6,대전광역시,Ecommerce_Misc,4,0.96,522007.016296,6525087.7037
6,대전광역시,Ecommerce_Misc,5,0.98,532882.1624688333,6525087.7037
6,대전광역시,Ecommerce_Misc,6,1.0,543757.3086416667,6525087.7037
6,대전광역시,Ecommerce_Misc,7,1.04,565507.6009873333,6525087.7037
6,대전광역시,Ecommerce_Misc,8,1.06,576382.7471601667,6525087.7037
6,대전광역시,Ecommerce_Misc,9,1.08,587257.893333,6525087.7037
6,대전광역시,Ecommerce_Misc,10,1.02,554632.4548145001,6525087.7037
6,대전광역시,Ecommerce_Misc,11,0.98,532882.1624688333,6525087.7037
6,대전광역시,Ecommerce_Misc,12,1.0,543757.3086416667,6525087.7037
7,울산광역시,Fresh_Food,1,1.12,424646.10346666665,4549779.68
7,울산광역시,Fresh_Food,2,0.98,371565.3405333333,4549779.68
7,울산광역시,Fresh_Food,3,0.96,363982.3744,4549779.68
7,울산광역시,Fresh_Food,4,0.98,371565.3405333333,4549779.68
7,울산광역시,Fresh_Food,5,1.0,379148.30666666664,4549779.68
7,울산광역시,Fresh_Food,6,1.03,390522.7558666667,4549779.68
7,울산광역시,Fresh_Food,7,1.08,409480.1712,4549779.68
7,울산광역시,Fresh_Food,8,1.1,417063.1373333333,4549779.68
7,울산광역시,Fresh_Food,9,1.15,436020.5526666666,4549779.68
7,울산광역시,Fresh_Food,10,1.02,386731.2728,4549779.68
7,울산광역시,Fresh_Food,11,0.91,345024.95906666666,4549779.68
7,울산광역시,Fresh_Food,12,0.67,254029.36546666667,4549779.68
7,울산광역시,FMCG_Packaged,1,1.0800000000000003,1248498.365348118,13872204.059423527
7,울산광역시,FMCG_Packaged,2,0.9300000000000002,1075095.8146053236,13872204.059423527
7,울산광역시,FMCG_Packaged,3,0.9600000000000001,1109776.3247538824,13872204.059423527
7,울산광역시,FMCG_Packaged,4,0.9900000000000001,1144456.8349024411,13872204.059423527
7,울산광역시,FMCG_Packaged,5,1.0100000000000002,1167577.1750014806,13872204.059423527
7,울산광역시,FMCG_Packaged,6,1.0200000000000002,1179137.3450510001,13872204.059423527
7,울산광역시,FMCG_Packaged,7,1.0400000000000003,1202257.6851500394,13872204.059423527
7,울산광역시,FMCG_Packaged,8,1.0500000000000003,1213817.855199559,13872204.059423527
7,울산광역시,FMCG_Packaged,9,1.1200000000000003,1294739.0455461964,13872204.059423527
7,울산광역시,FMCG_Packaged,10,1.0300000000000002,1190697.5151005196,13872204.059423527
7,울산광역시,FMCG_Packaged,11,0.9400000000000001,1086655.984654843,13872204.059423527
7,울산광역시,FMCG_Packaged,12,0.8300000000000001,959494.1141101274,13872204.059423527
7,울산광역시,Industrial_Materials,1,0.9200000000000002,2411711.097859531,31457101.276428662
7,울산광역시,Industrial_Materials,2,0.8800000000000001,2306854.093604769,31457101.276428662
7,울산광역시,Industrial_Materials,3,1.0500000000000003,2752496.361687509,31457101.276428662
7,울산광역시,Industrial_Materials,4,1.0700000000000003,2804924.86381489,31457101.276428662
7,울산광역시,Industrial_Materials,5,1.0800000000000003,2831139.1148785804,31457101.276428662
7,울산광역시,Industrial_Materials,6,1.0600000000000003,2778710.6127511994,31457101.276428662
7,울산광역시,Industrial_Materials,7,1.0000000000000002,2621425.106369056,31457101.276428662
7,울산광역시,Industrial_Materials,8,0.9800000000000001,2568996.6042416743,31457101.276428662
7,울산광역시,Industrial_Materials,9,1.0200000000000002,2673853.608496437,31457101.276428662
7,울산광역시,Industrial_Materials,10,1.0700000000000003,2804924.86381489,31457101.276428662
7,울산광역시,Industrial_Materials,11,1.0000000000000002,2621425.106369056,31457101.276428662
7,울산광역시,Industrial_Materials,12,0.8700000000000001,2280639.8425410786,31457101.276428662
7,울산광역시,Durables_Electronics,1,0.96,4120062.863999999,51500785.8
7,울산광역시,Durables_Electronics,2,0.88,3776724.2919999994,51500785.8
7,울산광역시,Durables_Electronics,3,0.95,4077145.542499999,51500785.8
7,울산광역시,Durables_Electronics,4,1.0,4291732.149999999,51500785.8
7,울산광역시,Durables_Electronics,5,1.02,4377566.793,51500785.8
7,울산광역시,Durables_Electronics,6,1.04,4463401.436,51500785.8
7,울산광역시,Durables_Electronics,7,1.07,4592153.4004999995,51500785.8
7,울산광역시,Durables_Electronics,8,1.03,4420484.114499999,51500785.8
7,울산광역시,Durables_Electronics,9,1.01,4334649.471499999,51500785.8
7,울산광역시,Durables_Electronics,10,1.04,4463401.436,51500785.8
7,울산광역시,Durables_Electronics,11,1.08,4635070.722,51500785.8
7,울산광역시,Durables_Electronics,12,0.92,3948393.5779999997,51500785.8
7,울산광역시,Ecommerce_Misc,1,1.05,3704395.04472625,42335943.3683
7,울산광역시,Ecommerce_Misc,2,0.9,3175195.7526225,42335943.3683
7,울산광역시,Ecommerce_Misc,3,0.93,3281035.61104325,42335943.3683
7,울산광역시,Ecommerce_Misc,4,0.96,3386875.469464,42335943.3683
7,울산광역시,Ecommerce_Misc,5,0.98,3457435.375077833,42335943.3683
7,울산광역시,Ecommerce_Misc,6,1.0,3527995.2806916665,42335943.3683
7,울산광역시,Ecommerce_Misc,7,1.04,3669115.091919333,42335943.3683
7,울산광역시,Ecommerce_Misc,8,1.06,3739674.997533167,42335943.3683
7,울산광역시,Ecommerce_Misc,9,1.08,3810234.903147,42335943.3683
7,울산광역시,Ecommerce_Misc,10,1.02,3598555.1863055,42335943.3683
7,울산광역시,Ecommerce_Misc,11,0.98,3457435.375077833,42335943.3683
7,울산광역시,Ecommerce_Misc,12,1.0,3527995.2806916665,42335943.3683
8,세종특별자치시,Fresh_Food,1,1.12,26595.220400000002,284948.79
8,세종특별자치시,Fresh_Food,2,0.98,23270.81785,284948.79
8,세종특별자치시,Fresh_Food,3,0.96,22795.903199999997,284948.79
8,세종특별자치시,Fresh_Food,4,0.98,23270.81785,284948.79
8,세종특별자치시,Fresh_Food,5,1.0,23745.7325,284948.79
8,세종특별자치시,Fresh_Food,6,1.03,24458.104475,284948.79
8,세종특별자치시,Fresh_Food,7,1.08,25645.3911,284948.79
8,세종특별자치시,Fresh_Food,8,1.1,26120.30575,284948.79
8,세종특별자치시,Fresh_Food,9,1.15,27307.592374999997,284948.79
8,세종특별자치시,Fresh_Food,10,1.02,24220.647149999997,284948.79
8,세종특별자치시,Fresh_Food,11,0.91,21608.616575,284948.79
8,세종특별자치시,Fresh_Food,12,0.67,15909.640775,284948.79
8,세종특별자치시,FMCG_Packaged,1,1.0800000000000003,345003.74550000014,3833374.95
8,세종특별자치시,FMCG_Packaged,2,0.9300000000000002,297086.55862500006,3833374.95
8,세종특별자치시,FMCG_Packaged,3,0.9600000000000001,306669.99600000004,3833374.95
8,세종특별자치시,FMCG_Packaged,4,0.9900000000000001,316253.4333750001,3833374.95
8,세종특별자치시,FMCG_Packaged,5,1.0100000000000002,322642.3916250001,3833374.95
8,세종특별자치시,FMCG_Packaged,6,1.0200000000000002,325836.8707500001,3833374.95
8,세종특별자치시,FMCG_Packaged,7,1.0400000000000003,332225.82900000014,3833374.95
8,세종특별자치시,FMCG_Packaged,8,1.0500000000000003,335420.3081250001,3833374.95
8,세종특별자치시,FMCG_Packaged,9,1.1200000000000003,357781.6620000001,3833374.95
8,세종특별자치시,FMCG_Packaged,10,1.0300000000000002,329031.34987500013,3833374.95
8,세종특별자치시,FMCG_Packaged,11,0.9400000000000001,300281.0377500001,3833374.95
8,세종특별자치시,FMCG_Packaged,12,0.8300000000000001,265141.76737500005,3833374.95
8,세종특별자치시,Industrial_Materials,1,0.9200000000000002,53778.49496666667,701458.63
8,세종특별자치시,Industrial_Materials,2,0.8800000000000001,51440.29953333334,701458.63
8,세종특별자치시,Industrial_Materials,3,1.0500000000000003,61377.63012500002,701458.63
8,세종특별자치시,Industrial_Materials,4,1.0700000000000003,62546.72784166668,701458.63
8,세종특별자치시,Industrial_Materials,5,1.0800000000000003,63131.27670000002,701458.63
8,세종특별자치시,Industrial_Materials,6,1.0600000000000003,61962.17898333335,701458.63
8,세종특별자치시,Industrial_Materials,7,1.0000000000000002,58454.88583333335,701458.63
8,세종특별자치시,Industrial_Materials,8,0.9800000000000001,57285.78811666667,701458.63
8,세종특별자치시,Industrial_Materials,9,1.0200000000000002,59623.98355000001,701458.63
8,세종특별자치시,Industrial_Materials,10,1.0700000000000003,62546.72784166668,701458.63
8,세종특별자치시,Industrial_Materials,11,1.0000000000000002,58454.88583333335,701458.63
8,세종특별자치시,Industrial_Materials,12,0.8700000000000001,50855.750675,701458.63
8,세종특별자치시,Durables_Electronics,1,0.96,313303.25920000003,3916290.74
8,세종특별자치시,Durables_Electronics,2,0.88,287194.6542666667,3916290.74
8,세종특별자치시,Durables_Electronics,3,0.95,310039.68358333333,3916290.74
8,세종특별자치시,Durables_Electronics,4,1.0,326357.5616666667,3916290.74
8,세종특별자치시,Durables_Electronics,5,1.02,332884.71290000004,3916290.74
8,세종특별자치시,Durables_Electronics,6,1.04,339411.8641333334,3916290.74
8,세종특별자치시,Durables_Electronics,7,1.07,349202.5909833334,3916290.74
8,세종특별자치시,Durables_Electronics,8,1.03,336148.28851666674,3916290.74
8,세종특별자치시,Durables_Electronics,9,1.01,329621.1372833334,3916290.74
8,세종특별자치시,Durables_Electronics,10,1.04,339411.8641333334,3916290.74
8,세종특별자치시,Durables_Electronics,11,1.08,352466.16660000006,3916290.74
8,세종특별자치시,Durables_Electronics,12,0.92,300248.95673333335,3916290.74
8,세종특별자치시,Ecommerce_Misc,1,1.05,220149.9623225,2515999.5694
8,세종특별자치시,Ecommerce_Misc,2,0.9,188699.967705,2515999.5694
8,세종특별자치시,Ecommerce_Misc,3,0.93,194989.9666285,2515999.5694
8,세종특별자치시,Ecommerce_Misc,4,0.96,201279.96555199998,2515999.5694
8,세종특별자치시,Ecommerce_Misc,5,0.98,205473.29816766665,2515999.5694
8,세종특별자치시,Ecommerce_Misc,6,1.0,209666.63078333333,2515999.5694
8,세종특별자치시,Ecommerce_Misc,7,1.04,218053.29601466667,2515999.5694
8,세종특별자치시,Ecommerce_Misc,8,1.06,222246.62863033335,2515999.5694
8,세종특별자치시,Ecommerce_Misc,9,1.08,226439.96124600002,2515999.5694
8,세종특별자치시,Ecommerce_Misc,10,1.02,213859.963399,2515999.5694
8,세종특별자치시,Ecommerce_Misc,11,0.98,205473.29816766665,2515999.5694
8,세종특별자치시,Ecommerce_Misc,12,1.0,209666.63078333333,2515999.5694
9,경기도,Fresh_Food,1,1.12,833507.7291924726,8930439.955633635
9,경기도,Fresh_Food,2,0.98,729319.2630434134,8930439.955633635
9,경기도,Fresh_Food,3,0.96,714435.1964506907,8930439.955633635
9,경기도,Fresh_Food,4,0.98,729319.2630434134,8930439.955633635
9,경기도,Fresh_Food,5,1.0,744203.3296361362,8930439.955633635
9,경기도,Fresh_Food,6,1.03,766529.4295252203,8930439.955633635
9,경기도,Fresh_Food,7,1.08,803739.5960070271,8930439.955633635
9,경기도,Fresh_Food,8,1.1,818623.6625997499,8930439.955633635
9,경기도,Fresh_Food,9,1.15,855833.8290815565,8930439.955633635
9,경기도,Fresh_Food,10,1.02,759087.396228859,8930439.955633635
9,경기도,Fresh_Food,11,0.91,677225.029968884,8930439.955633635
9,경기도,Fresh_Food,12,0.67,498616.2308562113,8930439.955633635
9,경기도,FMCG_Packaged,1,1.0800000000000003,5254025.269130044,58378058.54588936
9,경기도,FMCG_Packaged,2,0.9300000000000002,4524299.537306426,58378058.54588936
9,경기도,FMCG_Packaged,3,0.9600000000000001,4670244.683671149,58378058.54588936
9,경기도,FMCG_Packaged,4,0.9900000000000001,4816189.830035873,58378058.54588936
9,경기도,FMCG_Packaged,5,1.0100000000000002,4913486.594279023,58378058.54588936
9,경기도,FMCG_Packaged,6,1.0200000000000002,4962134.976400597,58378058.54588936
9,경기도,FMCG_Packaged,7,1.0400000000000003,5059431.740643746,58378058.54588936
9,경기도,FMCG_Packaged,8,1.0500000000000003,5108080.12276532,58378058.54588936
9,경기도,FMCG_Packaged,9,1.1200000000000003,5448618.797616342,58378058.54588936
9,경기도,FMCG_Packaged,10,1.0300000000000002,5010783.358522171,58378058.54588936
9,경기도,FMCG_Packaged,11,0.9400000000000001,4572947.919428,58378058.54588936
9,경기도,FMCG_Packaged,12,0.8300000000000001,4037815.7160906815,58378058.54588936
9,경기도,Industrial_Materials,1,0.9200000000000002,1529098.1491014694,19944758.466540903
9,경기도,Industrial_Materials,2,0.8800000000000001,1462615.6208796664,19944758.466540903
9,경기도,Industrial_Materials,3,1.0500000000000003,1745166.3658223294,19944758.466540903
9,경기도,Industrial_Materials,4,1.0700000000000003,1778407.629933231,19944758.466540903
9,경기도,Industrial_Materials,5,1.0800000000000003,1795028.2619886817,19944758.466540903
9,경기도,Industrial_Materials,6,1.0600000000000003,1761786.99787778,19944758.466540903
9,경기도,Industrial_Materials,7,1.0000000000000002,1662063.2055450757,19944758.466540903
9,경기도,Industrial_Materials,8,0.9800000000000001,1628821.9414341738,19944758.466540903
9,경기도,Industrial_Materials,9,1.0200000000000002,1695304.469655977,19944758.466540903
9,경기도,Industrial_Materials,10,1.0700000000000003,1778407.629933231,19944758.466540903
9,경기도,Industrial_Materials,11,1.0000000000000002,1662063.2055450757,19944758.466540903
9,경기도,Industrial_Materials,12,0.8700000000000001,1445994.9888242157,19944758.466540903
9,경기도,Durables_Electronics,1,0.96,8750760.793055478,109384509.91319348
9,경기도,Durables_Electronics,2,0.88,8021530.726967522,109384509.91319348
9,경기도,Durables_Electronics,3,0.95,8659607.034794483,109384509.91319348
9,경기도,Durables_Electronics,4,1.0,9115375.826099457,109384509.91319348
9,경기도,Durables_Electronics,5,1.02,9297683.342621446,109384509.91319348
9,경기도,Durables_Electronics,6,1.04,9479990.859143436,109384509.91319348
9,경기도,Durables_Electronics,7,1.07,9753452.13392642,109384509.91319348
9,경기도,Durables_Electronics,8,1.03,9388837.10088244,109384509.91319348
9,경기도,Durables_Electronics,9,1.01,9206529.584360452,109384509.91319348
9,경기도,Durables_Electronics,10,1.04,9479990.859143436,109384509.91319348
9,경기도,Durables_Electronics,11,1.08,9844605.892187415,109384509.91319348
9,경기도,Durables_Electronics,12,0.92,8386145.760011501,109384509.91319348
9,경기도,Ecommerce_Misc,1,1.05,11239741.196751425,128454185.10573056
9,경기도,Ecommerce_Misc,2,0.9,9634063.882929793,128454185.10573056
9,경기도,Ecommerce_Misc,3,0.93,9955199.34569412,128454185.10573056
9,경기도,Ecommerce_Misc,4,0.96,10276334.808458446,128454185.10573056
9,경기도,Ecommerce_Misc,5,0.98,10490425.116967997,128454185.10573056
9,경기도,Ecommerce_Misc,6,1.0,10704515.425477548,128454185.10573056
9,경기도,Ecommerce_Misc,7,1.04,11132696.04249665,128454185.10573056
9,경기도,Ecommerce_Misc,8,1.06,11346786.3510062,128454185.10573056
9,경기도,Ecommerce_Misc,9,1.08,11560876.659515752,128454185.10573056
9,경기도,Ecommerce_Misc,10,1.02,10918605.733987099,128454185.10573056
9,경기도,Ecommerce_Misc,11,0.98,10490425.116967997,128454185.10573056
9,경기도,Ecommerce_Misc,12,1.0,10704515.425477548,128454185.10573056
10,강원특별자치도,Fresh_Food,1,1.12,4180976.058177644,44796172.05190332
10,강원특별자치도,Fresh_Food,2,0.98,3658354.050905438,44796172.05190332
10,강원특별자치도,Fresh_Food,3,0.96,3583693.7641522656,44796172.05190332
10,강원특별자치도,Fresh_Food,4,0.98,3658354.050905438,44796172.05190332
10,강원특별자치도,Fresh_Food,5,1.0,3733014.33765861,44796172.05190332
10,강원특별자치도,Fresh_Food,6,1.03,3845004.7677883687,44796172.05190332
10,강원특별자치도,Fresh_Food,7,1.08,4031655.4846712993,44796172.05190332
10,강원특별자치도,Fresh_Food,8,1.1,4106315.7714244714,44796172.05190332
10,강원특별자치도,Fresh_Food,9,1.15,4292966.488307402,44796172.05190332
10,강원특별자치도,Fresh_Food,10,1.02,3807674.6244117822,44796172.05190332
10,강원특별자치도,Fresh_Food,11,0.91,3397043.0472693355,44796172.05190332
10,강원특별자치도,Fresh_Food,12,0.67,2501119.606231269,44796172.05190332
10,강원특별자치도,FMCG_Packaged,1,1.0800000000000003,2174907.719731064,24165641.33034515
10,강원특별자치도,FMCG_Packaged,2,0.9300000000000002,1872837.2031017493,24165641.33034515
10,강원특별자치도,FMCG_Packaged,3,0.9600000000000001,1933251.306427612,24165641.33034515
10,강원특별자치도,FMCG_Packaged,4,0.9900000000000001,1993665.409753475,24165641.33034515
10,강원특별자치도,FMCG_Packaged,5,1.0100000000000002,2033941.4786373838,24165641.33034515
10,강원특별자치도,FMCG_Packaged,6,1.0200000000000002,2054079.5130793382,24165641.33034515
10,강원특별자치도,FMCG_Packaged,7,1.0400000000000003,2094355.5819632467,24165641.33034515
10,강원특별자치도,FMCG_Packaged,8,1.0500000000000003,2114493.616405201,24165641.33034515
10,강원특별자치도,FMCG_Packaged,9,1.1200000000000003,2255459.8574988814,24165641.33034515
10,강원특별자치도,FMCG_Packaged,10,1.0300000000000002,2074217.5475212925,24165641.33034515
10,강원특별자치도,FMCG_Packaged,11,0.9400000000000001,1892975.2375437035,24165641.33034515
10,강원특별자치도,FMCG_Packaged,12,0.8300000000000001,1671456.8586822064,24165641.33034515
10,강원특별자치도,Industrial_Materials,1,0.9200000000000002,124608.94996666668,1625334.1300000001
10,강원특별자치도,Industrial_Materials,2,0.8800000000000001,119191.16953333335,1625334.1300000001
10,강원특별자치도,Industrial_Materials,3,1.0500000000000003,142216.73637500004,1625334.1300000001
10,강원특별자치도,Industrial_Materials,4,1.0700000000000003,144925.62659166672,1625334.1300000001
10,강원특별자치도,Industrial_Materials,5,1.0800000000000003,146280.07170000003,1625334.1300000001
10,강원특별자치도,Industrial_Materials,6,1.0600000000000003,143571.18148333338,1625334.1300000001
10,강원특별자치도,Industrial_Materials,7,1.0000000000000002,135444.51083333336,1625334.1300000001
10,강원특별자치도,Industrial_Materials,8,0.9800000000000001,132735.62061666668,1625334.1300000001
10,강원특별자치도,Industrial_Materials,9,1.0200000000000002,138153.40105000004,1625334.1300000001
10,강원특별자치도,Industrial_Materials,10,1.0700000000000003,144925.62659166672,1625334.1300000001
10,강원특별자치도,Industrial_Materials,11,1.0000000000000002,135444.51083333336,1625334.1300000001
10,강원특별자치도,Industrial_Materials,12,0.8700000000000001,117836.72442500001,1625334.1300000001
10,강원특별자치도,Durables_Electronics,1,0.96,870133.0712,10876663.39
10,강원특별자치도,Durables_Electronics,2,0.88,797621.9819333333,10876663.39
10,강원특별자치도,Durables_Electronics,3,0.95,861069.1850416666,10876663.39
10,강원특별자치도,Durables_Electronics,4,1.0,906388.6158333333,10876663.39
10,강원특별자치도,Durables_Electronics,5,1.02,924516.38815,10876663.39
10,강원특별자치도,Durables_Electronics,6,1.04,942644.1604666667,10876663.39
10,강원특별자치도,Durables_Electronics,7,1.07,969835.8189416667,10876663.39
10,강원특별자치도,Durables_Electronics,8,1.03,933580.2743083334,10876663.39
10,강원특별자치도,Durables_Electronics,9,1.01,915452.5019916667,10876663.39
10,강원특별자치도,Durables_Electronics,10,1.04,942644.1604666667,10876663.39
10,강원특별자치도,Durables_Electronics,11,1.08,978899.7051,10876663.39
10,강원특별자치도,Durables_Electronics,12,0.92,833877.5265666667,10876663.39
10,강원특별자치도,Ecommerce_Misc,1,1.05,578794.10687,6614789.7928
10,강원특별자치도,Ecommerce_Misc,2,0.9,496109.23446000007,6614789.7928
10,강원특별자치도,Ecommerce_Misc,3,0.93,512646.20894200006,6614789.7928
10,강원특별자치도,Ecommerce_Misc,4,0.96,529183.183424,6614789.7928
10,강원특별자치도,Ecommerce_Misc,5,0.98,540207.8330786667,6614789.7928
10,강원특별자치도,Ecommerce_Misc,6,1.0,551232.4827333334,6614789.7928
10,강원특별자치도,Ecommerce_Misc,7,1.04,573281.7820426667,6614789.7928
10,강원특별자치도,Ecommerce_Misc,8,1.06,584306.4316973333,6614789.7928
10,강원특별자치도,Ecommerce_Misc,9,1.08,595331.0813520001,6614789.7928
10,강원특별자치도,Ecommerce_Misc,10,1.02,562257.132388,6614789.7928
10,강원특별자치도,Ecommerce_Misc,11,0.98,540207.8330786667,6614789.7928
10,강원특별자치도,Ecommerce_Misc,12,1.0,551232.4827333334,6614789.7928
11,충청북도,Fresh_Food,1,1.12,436475.53603817476,4676523.600409015
11,충청북도,Fresh_Food,2,0.98,381916.0940334029,4676523.600409015
11,충청북도,Fresh_Food,3,0.96,374121.8880327212,4676523.600409015
11,충청북도,Fresh_Food,4,0.98,381916.0940334029,4676523.600409015
11,충청북도,Fresh_Food,5,1.0,389710.3000340846,4676523.600409015
11,충청북도,Fresh_Food,6,1.03,401401.60903510713,4676523.600409015
11,충청북도,Fresh_Food,7,1.08,420887.1240368114,4676523.600409015
11,충청북도,Fresh_Food,8,1.1,428681.3300374931,4676523.600409015
11,충청북도,Fresh_Food,9,1.15,448166.84503919724,4676523.600409015
11,충청북도,Fresh_Food,10,1.02,397504.50603476627,4676523.600409015
11,충청북도,Fresh_Food,11,0.91,354636.37303101696,4676523.600409015
11,충청북도,Fresh_Food,12,0.67,261105.90102283668,4676523.600409015
11,충청북도,FMCG_Packaged,1,1.0800000000000003,2218624.664906644,24651385.16562937
11,충청북도,FMCG_Packaged,2,0.9300000000000002,1910482.3503362762,24651385.16562937
11,충청북도,FMCG_Packaged,3,0.9600000000000001,1972110.8132503496,24651385.16562937
11,충청북도,FMCG_Packaged,4,0.9900000000000001,2033739.276164423,24651385.16562937
11,충청북도,FMCG_Packaged,5,1.0100000000000002,2074824.918107139,24651385.16562937
11,충청북도,FMCG_Packaged,6,1.0200000000000002,2095367.7390784968,24651385.16562937
11,충청북도,FMCG_Packaged,7,1.0400000000000003,2136453.3810212123,24651385.16562937
11,충청북도,FMCG_Packaged,8,1.0500000000000003,2156996.2019925704,24651385.16562937
11,충청북도,FMCG_Packaged,9,1.1200000000000003,2300795.948792075,24651385.16562937
11,충청북도,FMCG_Packaged,10,1.0300000000000002,2115910.5600498547,24651385.16562937
11,충청북도,FMCG_Packaged,11,0.9400000000000001,1931025.1713076339,24651385.16562937
11,충청북도,FMCG_Packaged,12,0.8300000000000001,1705054.140622698,24651385.16562937
11,충청북도,Industrial_Materials,1,0.9200000000000002,308618.0717666667,4025453.11
11,충청북도,Industrial_Materials,2,0.8800000000000001,295199.8947333334,4025453.11
11,충청북도,Industrial_Materials,3,1.0500000000000003,352227.1471250001,4025453.11
11,충청북도,Industrial_Materials,4,1.0700000000000003,358936.23564166675,4025453.11
11,충청북도,Industrial_Materials,5,1.0800000000000003,362290.7799000001,4025453.11
11,충청북도,Industrial_Materials,6,1.0600000000000003,355581.6913833334,4025453.11
11,충청북도,Industrial_Materials,7,1.0000000000000002,335454.4258333334,4025453.11
11,충청북도,Industrial_Materials,8,0.9800000000000001,328745.33731666673,4025453.11
11,충청북도,Industrial_Materials,9,1.0200000000000002,342163.51435000007,4025453.11
11,충청북도,Industrial_Materials,10,1.0700000000000003,358936.23564166675,4025453.11
11,충청북도,Industrial_Materials,11,1.0000000000000002,335454.4258333334,4025453.11
11,충청북도,Industrial_Materials,12,0.8700000000000001,291845.35047500004,4025453.11
11,충청북도,Durables_Electronics,1,0.96,2118415.1207999997,26480189.01
11,충청북도,Durables_Electronics,2,0.88,1941880.5274,26480189.01
11,충청북도,Durables_Electronics,3,0.95,2096348.296625,26480189.01
11,충청북도,Durables_Electronics,4,1.0,2206682.4175,26480189.01
11,충청북도,Durables_Electronics,5,1.02,2250816.06585,26480189.01
11,충청북도,Durables_Electronics,6,1.04,2294949.7142000003,26480189.01
11,충청북도,Durables_Electronics,7,1.07,2361150.186725,26480189.01
11,충청북도,Durables_Electronics,8,1.03,2272882.890025,26480189.01
11,충청북도,Durables_Electronics,9,1.01,2228749.241675,26480189.01
11,충청북도,Durables_Electronics,10,1.04,2294949.7142000003,26480189.01
11,충청북도,Durables_Electronics,11,1.08,2383217.0109,26480189.01
11,충청북도,Durables_Electronics,12,0.92,2030147.8241,26480189.01
11,충청북도,Ecommerce_Misc,1,1.05,1280641.44243,14635902.1992
11,충청북도,Ecommerce_Misc,2,0.9,1097692.66494,14635902.1992
11,충청북도,Ecommerce_Misc,3,0.93,1134282.420438,14635902.1992
11,충청북도,Ecommerce_Misc,4,0.96,1170872.175936,14635902.1992
11,충청북도,Ecommerce_Misc,5,0.98,1195265.3462679998,14635902.1992
11,충청북도,Ecommerce_Misc,6,1.0,1219658.5166,14635902.1992
11,충청북도,Ecommerce_Misc,7,1.04,1268444.857264,14635902.1992
11,충청북도,Ecommerce_Misc,8,1.06,1292838.027596,14635902.1992
11,충청북도,Ecommerce_Misc,9,1.08,1317231.197928,14635902.1992
11,충청북도,Ecommerce_Misc,10,1.02,1244051.686932,14635902.1992
11,충청북도,Ecommerce_Misc,11,0.98,1195265.3462679998,14635902.1992
11,충청북도,Ecommerce_Misc,12,1.0,1219658.5166,14635902.1992
12,충청남도,Fresh_Food,1,1.12,4917725.416437926,52689915.176120624
12,충청남도,Fresh_Food,2,0.98,4303009.739383184,52689915.176120624
12,충청남도,Fresh_Food,3,0.96,4215193.21408965,52689915.176120624
12,충청남도,Fresh_Food,4,0.98,4303009.739383184,52689915.176120624
12,충청남도,Fresh_Food,5,1.0,4390826.264676719,52689915.176120624
12,충청남도,Fresh_Food,6,1.03,4522551.052617021,52689915.176120624
12,충청남도,Fresh_Food,7,1.08,4742092.3658508565,52689915.176120624
12,충청남도,Fresh_Food,8,1.1,4829908.891144391,52689915.176120624
12,충청남도,Fresh_Food,9,1.15,5049450.204378227,52689915.176120624
12,충청남도,Fresh_Food,10,1.02,4478642.789970254,52689915.176120624
12,충청남도,Fresh_Food,11,0.91,3995651.9008558146,52689915.176120624
12,충청남도,Fresh_Food,12,0.67,2941853.597333402,52689915.176120624
12,충청남도,FMCG_Packaged,1,1.0800000000000003,2134849.6840104265,23720552.044560287
12,충청남도,FMCG_Packaged,2,0.9300000000000002,1838342.7834534226,23720552.044560287
12,충청남도,FMCG_Packaged,3,0.9600000000000001,1897644.163564823,23720552.044560287
12,충청남도,FMCG_Packaged,4,0.9900000000000001,1956945.543676224,23720552.044560287
12,충청남도,FMCG_Packaged,5,1.0100000000000002,1996479.7970838246,23720552.044560287
12,충청남도,FMCG_Packaged,6,1.0200000000000002,2016246.923787625,23720552.044560287
12,충청남도,FMCG_Packaged,7,1.0400000000000003,2055781.1771952254,23720552.044560287
12,충청남도,FMCG_Packaged,8,1.0500000000000003,2075548.3038990258,23720552.044560287
12,충청남도,FMCG_Packaged,9,1.1200000000000003,2213918.1908256277,23720552.044560287
12,충청남도,FMCG_Packaged,10,1.0300000000000002,2036014.0504914252,23720552.044560287
12,충청남도,FMCG_Packaged,11,0.9400000000000001,1858109.9101572228,23720552.044560287
12,충청남도,FMCG_Packaged,12,0.8300000000000001,1640671.51641542,23720552.044560287
12,충청남도,Industrial_Materials,1,0.9200000000000002,1100454.8128136965,14353758.428004732
12,충청남도,Industrial_Materials,2,0.8800000000000001,1052608.951387014,14353758.428004732
12,충청남도,Industrial_Materials,3,1.0500000000000003,1255953.8624504146,14353758.428004732
12,충청남도,Industrial_Materials,4,1.0700000000000003,1279876.7931637557,14353758.428004732
12,충청남도,Industrial_Materials,5,1.0800000000000003,1291838.2585204265,14353758.428004732
12,충청남도,Industrial_Materials,6,1.0600000000000003,1267915.3278070851,14353758.428004732
12,충청남도,Industrial_Materials,7,1.0000000000000002,1196146.5356670613,14353758.428004732
12,충청남도,Industrial_Materials,8,0.9800000000000001,1172223.60495372,14353758.428004732
12,충청남도,Industrial_Materials,9,1.0200000000000002,1220069.4663804027,14353758.428004732
12,충청남도,Industrial_Materials,10,1.0700000000000003,1279876.7931637557,14353758.428004732
12,충청남도,Industrial_Materials,11,1.0000000000000002,1196146.5356670613,14353758.428004732
12,충청남도,Industrial_Materials,12,0.8700000000000001,1040647.4860303433,14353758.428004732
12,충청남도,Durables_Electronics,1,0.96,5096522.456544521,63706530.70680652
12,충청남도,Durables_Electronics,2,0.88,4671812.251832479,63706530.70680652
12,충청남도,Durables_Electronics,3,0.95,5043433.680955516,63706530.70680652
12,충청남도,Durables_Electronics,4,1.0,5308877.5589005435,63706530.70680652
12,충청남도,Durables_Electronics,5,1.02,5415055.110078555,63706530.70680652
12,충청남도,Durables_Electronics,6,1.04,5521232.661256566,63706530.70680652
12,충청남도,Durables_Electronics,7,1.07,5680498.988023582,63706530.70680652
12,충청남도,Durables_Electronics,8,1.03,5468143.88566756,63706530.70680652
12,충청남도,Durables_Electronics,9,1.01,5361966.334489549,63706530.70680652
12,충청남도,Durables_Electronics,10,1.04,5521232.661256566,63706530.70680652
12,충청남도,Durables_Electronics,11,1.08,5733587.763612587,63706530.70680652
12,충청남도,Durables_Electronics,12,0.92,4884167.3541885,63706530.70680652
12,충청남도,Ecommerce_Misc,1,1.05,1911568.3464735753,21846495.388269432
12,충청남도,Ecommerce_Misc,2,0.9,1638487.1541202075,21846495.388269432
12,충청남도,Ecommerce_Misc,3,0.93,1693103.392590881,21846495.388269432
12,충청남도,Ecommerce_Misc,4,0.96,1747719.6310615547,21846495.388269432
12,충청남도,Ecommerce_Misc,5,0.98,1784130.4567086704,21846495.388269432
12,충청남도,Ecommerce_Misc,6,1.0,1820541.282355786,21846495.388269432
12,충청남도,Ecommerce_Misc,7,1.04,1893362.9336500175,21846495.388269432
12,충청남도,Ecommerce_Misc,8,1.06,1929773.7592971334,21846495.388269432
12,충청남도,Ecommerce_Misc,9,1.08,1966184.5849442491,21846495.388269432
12,충청남도,Ecommerce_Misc,10,1.02,1856952.1080029018,21846495.388269432
12,충청남도,Ecommerce_Misc,11,0.98,1784130.4567086704,21846495.388269432
12,충청남도,Ecommerce_Misc,12,1.0,1820541.282355786,21846495.388269432
13,전북특별자치도,Fresh_Food,1,1.12,584571.3710666668,6263264.69
13,전북특별자치도,Fresh_Food,2,0.98,511499.94968333334,6263264.69
13,전북특별자치도,Fresh_Food,3,0.96,501061.1752,6263264.69
13,전북특별자치도,Fresh_Food,4,0.98,511499.94968333334,6263264.69
13,전북특별자치도,Fresh_Food,5,1.0,521938.7241666667,6263264.69
13,전북특별자치도,Fresh_Food,6,1.03,537596.8858916668,6263264.69
13,전북특별자치도,Fresh_Food,7,1.08,563693.8221000001,6263264.69
13,전북특별자치도,Fresh_Food,8,1.1,574132.5965833334,6263264.69
13,전북특별자치도,Fresh_Food,9,1.15,600229.5327916667,6263264.69
13,전북특별자치도,Fresh_Food,10,1.02,532377.4986500001,6263264.69
13,전북특별자치도,Fresh_Food,11,0.91,474964.2389916667,6263264.69
13,전북특별자치도,Fresh_Food,12,0.67,349698.9451916667,6263264.69
13,전북특별자치도,FMCG_Packaged,1,1.0800000000000003,1676814.2963858272,18631269.959842518
13,전북특별자치도,FMCG_Packaged,2,0.9300000000000002,1443923.4218877954,18631269.959842518
13,전북특별자치도,FMCG_Packaged,3,0.9600000000000001,1490501.5967874017,18631269.959842518
13,전북특별자치도,FMCG_Packaged,4,0.9900000000000001,1537079.771687008,18631269.959842518
13,전북특별자치도,FMCG_Packaged,5,1.0100000000000002,1568131.8882867456,18631269.959842518
13,전북특별자치도,FMCG_Packaged,6,1.0200000000000002,1583657.9465866145,18631269.959842518
13,전북특별자치도,FMCG_Packaged,7,1.0400000000000003,1614710.0631863521,18631269.959842518
13,전북특별자치도,FMCG_Packaged,8,1.0500000000000003,1630236.1214862207,18631269.959842518
13,전북특별자치도,FMCG_Packaged,9,1.1200000000000003,1738918.5295853023,18631269.959842518
13,전북특별자치도,FMCG_Packaged,10,1.0300000000000002,1599184.0048864833,18631269.959842518
13,전북특별자치도,FMCG_Packaged,11,0.9400000000000001,1459449.480187664,18631269.959842518
13,전북특별자치도,FMCG_Packaged,12,0.8300000000000001,1288662.8388891076,18631269.959842518
13,전북특별자치도,Industrial_Materials,1,0.9200000000000002,298696.09640000004,3896036.04
13,전북특별자치도,Industrial_Materials,2,0.8800000000000001,285709.30960000004,3896036.04
13,전북특별자치도,Industrial_Materials,3,1.0500000000000003,340903.1535000001,3896036.04
13,전북특별자치도,Industrial_Materials,4,1.0700000000000003,347396.5469000001,3896036.04
13,전북특별자치도,Industrial_Materials,5,1.0800000000000003,350643.2436000001,3896036.04
13,전북특별자치도,Industrial_Materials,6,1.0600000000000003,344149.85020000004,3896036.04
13,전북특별자치도,Industrial_Materials,7,1.0000000000000002,324669.67000000004,3896036.04
13,전북특별자치도,Industrial_Materials,8,0.9800000000000001,318176.27660000004,3896036.04
13,전북특별자치도,Industrial_Materials,9,1.0200000000000002,331163.06340000004,3896036.04
13,전북특별자치도,Industrial_Materials,10,1.0700000000000003,347396.5469000001,3896036.04
13,전북특별자치도,Industrial_Materials,11,1.0000000000000002,324669.67000000004,3896036.04
13,전북특별자치도,Industrial_Materials,12,0.8700000000000001,282462.6129,3896036.04
13,전북특별자치도,Durables_Electronics,1,0.96,1149411.3031999997,14367641.29
13,전북특별자치도,Durables_Electronics,2,0.88,1053627.0279333333,14367641.29
13,전북특별자치도,Durables_Electronics,3,0.95,1137438.2687916665,14367641.29
13,전북특별자치도,Durables_Electronics,4,1.0,1197303.4408333332,14367641.29
13,전북특별자치도,Durables_Electronics,5,1.02,1221249.50965,14367641.29
13,전북특별자치도,Durables_Electronics,6,1.04,1245195.5784666666,14367641.29
13,전북특별자치도,Durables_Electronics,7,1.07,1281114.6816916666,14367641.29
13,전북특별자치도,Durables_Electronics,8,1.03,1233222.5440583332,14367641.29
13,전북특별자치도,Durables_Electronics,9,1.01,1209276.4752416664,14367641.29
13,전북특별자치도,Durables_Electronics,10,1.04,1245195.5784666666,14367641.29
13,전북특별자치도,Durables_Electronics,11,1.08,1293087.7160999998,14367641.29
13,전북특별자치도,Durables_Electronics,12,0.92,1101519.1655666665,14367641.29
13,전북특별자치도,Ecommerce_Misc,1,1.05,1605992.8462637502,18354203.9573
13,전북특별자치도,Ecommerce_Misc,2,0.9,1376565.2967975,18354203.9573
13,전북특별자치도,Ecommerce_Misc,3,0.93,1422450.8066907502,18354203.9573
13,전북특별자치도,Ecommerce_Misc,4,0.96,1468336.316584,18354203.9573
13,전북특별자치도,Ecommerce_Misc,5,0.98,1498926.6565128334,18354203.9573
13,전북특별자치도,Ecommerce_Misc,6,1.0,1529516.9964416667,18354203.9573
13,전북특별자치도,Ecommerce_Misc,7,1.04,1590697.6762993336,18354203.9573
13,전북특별자치도,Ecommerce_Misc,8,1.06,1621288.0162281669,18354203.9573
13,전북특별자치도,Ecommerce_Misc,9,1.08,1651878.3561570002,18354203.9573
13,전북특별자치도,Ecommerce_Misc,10,1.02,1560107.3363705,18354203.9573
13,전북특별자치도,Ecommerce_Misc,11,0.98,1498926.6565128334,18354203.9573
13,전북특별자치도,Ecommerce_Misc,12,1.0,1529516.9964416667,18354203.9573
14,전라남도,Fresh_Food,1,1.12,2748588.985176619,29449167.698320918
14,전라남도,Fresh_Food,2,0.98,2405015.3620295417,29449167.698320918
14,전라남도,Fresh_Food,3,0.96,2355933.415865673,29449167.698320918
14,전라남도,Fresh_Food,4,0.98,2405015.3620295417,29449167.698320918
14,전라남도,Fresh_Food,5,1.0,2454097.30819341,29449167.698320918
14,전라남도,Fresh_Food,6,1.03,2527720.227439212,29449167.698320918
14,전라남도,Fresh_Food,7,1.08,2650425.0928488825,29449167.698320918
14,전라남도,Fresh_Food,8,1.1,2699507.039012751,29449167.698320918
14,전라남도,Fresh_Food,9,1.15,2822211.904422421,29449167.698320918
14,전라남도,Fresh_Food,10,1.02,2503179.254357278,29449167.698320918
14,전라남도,Fresh_Food,11,0.91,2233228.550456003,29449167.698320918
14,전라남도,Fresh_Food,12,0.67,1644245.1964895846,29449167.698320918
14,전라남도,FMCG_Packaged,1,1.0800000000000003,2598101.925314174,28867799.17015748
14,전라남도,FMCG_Packaged,2,0.9300000000000002,2237254.4356872053,28867799.17015748
14,전라남도,FMCG_Packaged,3,0.9600000000000001,2309423.933612599,28867799.17015748
14,전라남도,FMCG_Packaged,4,0.9900000000000001,2381593.431537993,28867799.17015748
14,전라남도,FMCG_Packaged,5,1.0100000000000002,2429706.430154922,28867799.17015748
14,전라남도,FMCG_Packaged,6,1.0200000000000002,2453762.9294633865,28867799.17015748
14,전라남도,FMCG_Packaged,7,1.0400000000000003,2501875.9280803157,28867799.17015748
14,전라남도,FMCG_Packaged,8,1.0500000000000003,2525932.4273887803,28867799.17015748
14,전라남도,FMCG_Packaged,9,1.1200000000000003,2694327.9225480324,28867799.17015748
14,전라남도,FMCG_Packaged,10,1.0300000000000002,2477819.428771851,28867799.17015748
14,전라남도,FMCG_Packaged,11,0.9400000000000001,2261310.9349956694,28867799.17015748
14,전라남도,FMCG_Packaged,12,0.8300000000000001,1996689.4426025595,28867799.17015748
14,전라남도,Industrial_Materials,1,0.9200000000000002,1233852.3051877217,16093725.719839845
14,전라남도,Industrial_Materials,2,0.8800000000000001,1180206.5527882555,16093725.719839845
14,전라남도,Industrial_Materials,3,1.0500000000000003,1408201.0004859867,16093725.719839845
14,전라남도,Industrial_Materials,4,1.0700000000000003,1435023.87668572,16093725.719839845
14,전라남도,Industrial_Materials,5,1.0800000000000003,1448435.3147855864,16093725.719839845
14,전라남도,Industrial_Materials,6,1.0600000000000003,1421612.4385858534,16093725.719839845
14,전라남도,Industrial_Materials,7,1.0000000000000002,1341143.809986654,16093725.719839845
14,전라남도,Industrial_Materials,8,0.9800000000000001,1314320.9337869207,16093725.719839845
14,전라남도,Industrial_Materials,9,1.0200000000000002,1367966.6861863872,16093725.719839845
14,전라남도,Industrial_Materials,10,1.0700000000000003,1435023.87668572,16093725.719839845
14,전라남도,Industrial_Materials,11,1.0000000000000002,1341143.809986654,16093725.719839845
14,전라남도,Industrial_Materials,12,0.8700000000000001,1166795.114688389,16093725.719839845
14,전라남도,Durables_Electronics,1,0.96,4489672.2808,56120903.51
14,전라남도,Durables_Electronics,2,0.88,4115532.9240666665,56120903.51
14,전라남도,Durables_Electronics,3,0.95,4442904.861208333,56120903.51
14,전라남도,Durables_Electronics,4,1.0,4676741.9591666665,56120903.51
14,전라남도,Durables_Electronics,5,1.02,4770276.79835,56120903.51
14,전라남도,Durables_Electronics,6,1.04,4863811.637533333,56120903.51
14,전라남도,Durables_Electronics,7,1.07,5004113.896308334,56120903.51
14,전라남도,Durables_Electronics,8,1.03,4817044.217941667,56120903.51
14,전라남도,Durables_Electronics,9,1.01,4723509.378758334,56120903.51
14,전라남도,Durables_Electronics,10,1.04,4863811.637533333,56120903.51
14,전라남도,Durables_Electronics,11,1.08,5050881.3159,56120903.51
14,전라남도,Durables_Electronics,12,0.92,4302602.602433333,56120903.51
14,전라남도,Ecommerce_Misc,1,1.05,3297897.2393850004,37690254.164400004
14,전라남도,Ecommerce_Misc,2,0.9,2826769.0623300006,37690254.164400004
14,전라남도,Ecommerce_Misc,3,0.93,2920994.6977410004,37690254.164400004
14,전라남도,Ecommerce_Misc,4,0.96,3015220.3331520003,37690254.164400004
14,전라남도,Ecommerce_Misc,5,0.98,3078037.4234260004,37690254.164400004
14,전라남도,Ecommerce_Misc,6,1.0,3140854.5137000005,37690254.164400004
14,전라남도,Ecommerce_Misc,7,1.04,3266488.6942480006,37690254.164400004
14,전라남도,Ecommerce_Misc,8,1.06,3329305.7845220007,37690254.164400004
14,전라남도,Ecommerce_Misc,9,1.08,3392122.874796001,37690254.164400004
14,전라남도,Ecommerce_Misc,10,1.02,3203671.6039740006,37690254.164400004
14,전라남도,Ecommerce_Misc,11,0.98,3078037.4234260004,37690254.164400004
14,전라남도,Ecommerce_Misc,12,1.0,3140854.5137000005,37690254.164400004
15,경상북도,Fresh_Food,1,1.12,1760135.3548341217,18858593.087508444
15,경상북도,Fresh_Food,2,0.98,1540118.4354798563,18858593.087508444
15,경상북도,Fresh_Food,3,0.96,1508687.4470006756,18858593.087508444
15,경상북도,Fresh_Food,4,0.98,1540118.4354798563,18858593.087508444
15,경상북도,Fresh_Food,5,1.0,1571549.423959037,18858593.087508444
15,경상북도,Fresh_Food,6,1.03,1618695.9066778081,18858593.087508444
15,경상북도,Fresh_Food,7,1.08,1697273.3778757602,18858593.087508444
15,경상북도,Fresh_Food,8,1.1,1728704.366354941,18858593.087508444
15,경상북도,Fresh_Food,9,1.15,1807281.8375528925,18858593.087508444
15,경상북도,Fresh_Food,10,1.02,1602980.4124382178,18858593.087508444
15,경상북도,Fresh_Food,11,0.91,1430109.9758027238,18858593.087508444
15,경상북도,Fresh_Food,12,0.67,1052938.1140525548,18858593.087508444
15,경상북도,FMCG_Packaged,1,1.0800000000000003,2137109.9936505063,23745666.596116733
15,경상북도,FMCG_Packaged,2,0.9300000000000002,1840289.161199047,23745666.596116733
15,경상북도,FMCG_Packaged,3,0.9600000000000001,1899653.3276893387,23745666.596116733
15,경상북도,FMCG_Packaged,4,0.9900000000000001,1959017.4941796307,23745666.596116733
15,경상북도,FMCG_Packaged,5,1.0100000000000002,1998593.6051731587,23745666.596116733
15,경상북도,FMCG_Packaged,6,1.0200000000000002,2018381.6606699226,23745666.596116733
15,경상북도,FMCG_Packaged,7,1.0400000000000003,2057957.7716634506,23745666.596116733
15,경상북도,FMCG_Packaged,8,1.0500000000000003,2077745.8271602145,23745666.596116733
15,경상북도,FMCG_Packaged,9,1.1200000000000003,2216262.2156375623,23745666.596116733
15,경상북도,FMCG_Packaged,10,1.0300000000000002,2038169.7161666867,23745666.596116733
15,경상북도,FMCG_Packaged,11,0.9400000000000001,1860077.2166958107,23745666.596116733
15,경상북도,FMCG_Packaged,12,0.8300000000000001,1642408.6062314075,23745666.596116733
15,경상북도,Industrial_Materials,1,0.9200000000000002,346597.4137408736,4520835.8314026985
15,경상북도,Industrial_Materials,2,0.8800000000000001,331527.96096953127,4520835.8314026985
15,경상북도,Industrial_Materials,3,1.0500000000000003,395573.13524773624,4520835.8314026985
15,경상북도,Industrial_Materials,4,1.0700000000000003,403107.8616334074,4520835.8314026985
15,경상북도,Industrial_Materials,5,1.0800000000000003,406875.224826243,4520835.8314026985
15,경상북도,Industrial_Materials,6,1.0600000000000003,399340.4984405718,4520835.8314026985
15,경상북도,Industrial_Materials,7,1.0000000000000002,376736.3192835583,4520835.8314026985
15,경상북도,Industrial_Materials,8,0.9800000000000001,369201.5928978871,4520835.8314026985
15,경상북도,Industrial_Materials,9,1.0200000000000002,384271.04566922947,4520835.8314026985
15,경상북도,Industrial_Materials,10,1.0700000000000003,403107.8616334074,4520835.8314026985
15,경상북도,Industrial_Materials,11,1.0000000000000002,376736.3192835583,4520835.8314026985
15,경상북도,Industrial_Materials,12,0.8700000000000001,327760.5977766957,4520835.8314026985
15,경상북도,Durables_Electronics,1,0.96,4839405.0128,60492562.66
15,경상북도,Durables_Electronics,2,0.88,4436121.261733333,60492562.66
15,경상북도,Durables_Electronics,3,0.95,4788994.543916666,60492562.66
15,경상북도,Durables_Electronics,4,1.0,5041046.888333333,60492562.66
15,경상북도,Durables_Electronics,5,1.02,5141867.826099999,60492562.66
15,경상북도,Durables_Electronics,6,1.04,5242688.763866666,60492562.66
15,경상북도,Durables_Electronics,7,1.07,5393920.170516666,60492562.66
15,경상북도,Durables_Electronics,8,1.03,5192278.294983333,60492562.66
15,경상북도,Durables_Electronics,9,1.01,5091457.357216666,60492562.66
15,경상북도,Durables_Electronics,10,1.04,5242688.763866666,60492562.66
15,경상북도,Durables_Electronics,11,1.08,5444330.6394,60492562.66
15,경상북도,Durables_Electronics,12,0.92,4637763.137266667,60492562.66
15,경상북도,Ecommerce_Misc,1,1.05,2534616.1533262497,28967041.752299998
15,경상북도,Ecommerce_Misc,2,0.9,2172528.1314224997,28967041.752299998
15,경상북도,Ecommerce_Misc,3,0.93,2244945.7358032498,28967041.752299998
15,경상북도,Ecommerce_Misc,4,0.96,2317363.3401839994,28967041.752299998
15,경상북도,Ecommerce_Misc,5,0.98,2365641.7431044998,28967041.752299998
15,경상북도,Ecommerce_Misc,6,1.0,2413920.1460249997,28967041.752299998
15,경상북도,Ecommerce_Misc,7,1.04,2510476.951866,28967041.752299998
15,경상북도,Ecommerce_Misc,8,1.06,2558755.3547865,28967041.752299998
15,경상북도,Ecommerce_Misc,9,1.08,2607033.757707,28967041.752299998
15,경상북도,Ecommerce_Misc,10,1.02,2462198.5489454996,28967041.752299998
15,경상북도,Ecommerce_Misc,11,0.98,2365641.7431044998,28967041.752299998
15,경상북도,Ecommerce_Misc,12,1.0,2413920.1460249997,28967041.752299998
16,경상남도,Fresh_Food,1,1.12,2045336.3234900476,21914317.751679078
16,경상남도,Fresh_Food,2,0.98,1789669.2830537914,21914317.751679078
16,경상남도,Fresh_Food,3,0.96,1753145.4201343262,21914317.751679078
16,경상남도,Fresh_Food,4,0.98,1789669.2830537914,21914317.751679078
16,경상남도,Fresh_Food,5,1.0,1826193.1459732566,21914317.751679078
16,경상남도,Fresh_Food,6,1.03,1880978.9403524543,21914317.751679078
16,경상남도,Fresh_Food,7,1.08,1972288.5976511172,21914317.751679078
16,경상남도,Fresh_Food,8,1.1,2008812.4605705824,21914317.751679078
16,경상남도,Fresh_Food,9,1.15,2100122.117869245,21914317.751679078
16,경상남도,Fresh_Food,10,1.02,1862717.0088927217,21914317.751679078
16,경상남도,Fresh_Food,11,0.91,1661835.7628356635,21914317.751679078
16,경상남도,Fresh_Food,12,0.67,1223549.407802082,21914317.751679078
16,경상남도,FMCG_Packaged,1,1.0800000000000003,1564841.3932833727,17387126.59203747
16,경상남도,FMCG_Packaged,2,0.9300000000000002,1347502.310882904,17387126.59203747
16,경상남도,FMCG_Packaged,3,0.9600000000000001,1390970.1273629977,17387126.59203747
16,경상남도,FMCG_Packaged,4,0.9900000000000001,1434437.9438430914,17387126.59203747
16,경상남도,FMCG_Packaged,5,1.0100000000000002,1463416.488163154,17387126.59203747
16,경상남도,FMCG_Packaged,6,1.0200000000000002,1477905.7603231852,17387126.59203747
16,경상남도,FMCG_Packaged,7,1.0400000000000003,1506884.3046432477,17387126.59203747
16,경상남도,FMCG_Packaged,8,1.0500000000000003,1521373.576803279,17387126.59203747
16,경상남도,FMCG_Packaged,9,1.1200000000000003,1622798.4819234977,17387126.59203747
16,경상남도,FMCG_Packaged,10,1.0300000000000002,1492395.0324832166,17387126.59203747
16,경상남도,FMCG_Packaged,11,0.9400000000000001,1361991.5830429352,17387126.59203747
16,경상남도,FMCG_Packaged,12,0.8300000000000001,1202609.5892825918,17387126.59203747
16,경상남도,Industrial_Materials,1,0.9200000000000002,626065.1801438788,8166067.56709407
16,경상남도,Industrial_Materials,2,0.8800000000000001,598844.9549202318,8166067.56709407
16,경상남도,Industrial_Materials,3,1.0500000000000003,714530.9121207313,8166067.56709407
16,경상남도,Industrial_Materials,4,1.0700000000000003,728141.0247325548,8166067.56709407
16,경상남도,Industrial_Materials,5,1.0800000000000003,734946.0810384665,8166067.56709407
16,경상남도,Industrial_Materials,6,1.0600000000000003,721335.968426643,8166067.56709407
16,경상남도,Industrial_Materials,7,1.0000000000000002,680505.6305911726,8166067.56709407
16,경상남도,Industrial_Materials,8,0.9800000000000001,666895.5179793491,8166067.56709407
16,경상남도,Industrial_Materials,9,1.0200000000000002,694115.7432029961,8166067.56709407
16,경상남도,Industrial_Materials,10,1.0700000000000003,728141.0247325548,8166067.56709407
16,경상남도,Industrial_Materials,11,1.0000000000000002,680505.6305911726,8166067.56709407
16,경상남도,Industrial_Materials,12,0.8700000000000001,592039.8986143201,8166067.56709407
16,경상남도,Durables_Electronics,1,0.96,3715359.1267880616,46441989.08485077
16,경상남도,Durables_Electronics,2,0.88,3405745.86622239,46441989.08485077
16,경상남도,Durables_Electronics,3,0.95,3676657.4692173526,46441989.08485077
16,경상남도,Durables_Electronics,4,1.0,3870165.7570708976,46441989.08485077
16,경상남도,Durables_Electronics,5,1.02,3947569.0722123156,46441989.08485077
16,경상남도,Durables_Electronics,6,1.04,4024972.3873537336,46441989.08485077
16,경상남도,Durables_Electronics,7,1.07,4141077.3600658607,46441989.08485077
16,경상남도,Durables_Electronics,8,1.03,3986270.7297830246,46441989.08485077
16,경상남도,Durables_Electronics,9,1.01,3908867.4146416066,46441989.08485077
16,경상남도,Durables_Electronics,10,1.04,4024972.3873537336,46441989.08485077
16,경상남도,Durables_Electronics,11,1.08,4179779.0176365697,46441989.08485077
16,경상남도,Durables_Electronics,12,0.92,3560552.496505226,46441989.08485077
16,경상남도,Ecommerce_Misc,1,1.05,3178071.2257875004,36320814.009
16,경상남도,Ecommerce_Misc,2,0.9,2724061.050675,36320814.009
16,경상남도,Ecommerce_Misc,3,0.93,2814863.0856975,36320814.009
16,경상남도,Ecommerce_Misc,4,0.96,2905665.12072,36320814.009
16,경상남도,Ecommerce_Misc,5,0.98,2966199.8107350003,36320814.009
16,경상남도,Ecommerce_Misc,6,1.0,3026734.50075,36320814.009
16,경상남도,Ecommerce_Misc,7,1.04,3147803.8807800002,36320814.009
16,경상남도,Ecommerce_Misc,8,1.06,3208338.570795,36320814.009
16,경상남도,Ecommerce_Misc,9,1.08,3268873.2608100004,36320814.009
16,경상남도,Ecommerce_Misc,10,1.02,3087269.190765,36320814.009
16,경상남도,Ecommerce_Misc,11,0.98,2966199.8107350003,36320814.009
16,경상남도,Ecommerce_Misc,12,1.0,3026734.50075,36320814.009
17,제주특별자치도,Fresh_Food,1,1.12,94049.26533333334,1007670.7000000001
17,제주특별자치도,Fresh_Food,2,0.98,82293.10716666667,1007670.7000000001
17,제주특별자치도,Fresh_Food,3,0.96,80613.656,1007670.7000000001
17,제주특별자치도,Fresh_Food,4,0.98,82293.10716666667,1007670.7000000001
17,제주특별자치도,Fresh_Food,5,1.0,83972.55833333333,1007670.7000000001
17,제주특별자치도,Fresh_Food,6,1.03,86491.73508333333,1007670.7000000001
17,제주특별자치도,Fresh_Food,7,1.08,90690.36300000001,1007670.7000000001
17,제주특별자치도,Fresh_Food,8,1.1,92369.81416666668,1007670.7000000001
17,제주특별자치도,Fresh_Food,9,1.15,96568.44208333333,1007670.7000000001
17,제주특별자치도,Fresh_Food,10,1.02,85652.0095,1007670.7000000001
17,제주특별자치도,Fresh_Food,11,0.91,76415.02808333334,1007670.7000000001
17,제주특별자치도,Fresh_Food,12,0.67,56261.614083333334,1007670.7000000001
17,제주특별자치도,FMCG_Packaged,1,1.0800000000000003,259643.51820000008,2884927.98
17,제주특별자치도,FMCG_Packaged,2,0.9300000000000002,223581.91845000006,2884927.98
17,제주특별자치도,FMCG_Packaged,3,0.9600000000000001,230794.23840000003,2884927.98
17,제주특별자치도,FMCG_Packaged,4,0.9900000000000001,238006.55835000004,2884927.98
17,제주특별자치도,FMCG_Packaged,5,1.0100000000000002,242814.77165000007,2884927.98
17,제주특별자치도,FMCG_Packaged,6,1.0200000000000002,245218.87830000007,2884927.98
17,제주특별자치도,FMCG_Packaged,7,1.0400000000000003,250027.09160000007,2884927.98
17,제주특별자치도,FMCG_Packaged,8,1.0500000000000003,252431.19825000007,2884927.98
17,제주특별자치도,FMCG_Packaged,9,1.1200000000000003,269259.9448000001,2884927.98
17,제주특별자치도,FMCG_Packaged,10,1.0300000000000002,247622.98495000007,2884927.98
17,제주특별자치도,FMCG_Packaged,11,0.9400000000000001,225986.02510000003,2884927.98
17,제주특별자치도,FMCG_Packaged,12,0.8300000000000001,199540.85195,2884927.98
17,제주특별자치도,Industrial_Materials,1,0.9200000000000002,20845.608400000005,271899.24
17,제주특별자치도,Industrial_Materials,2,0.8800000000000001,19939.2776,271899.24
17,제주특별자치도,Industrial_Materials,3,1.0500000000000003,23791.183500000006,271899.24
17,제주특별자치도,Industrial_Materials,4,1.0700000000000003,24244.348900000008,271899.24
17,제주특별자치도,Industrial_Materials,5,1.0800000000000003,24470.931600000007,271899.24
17,제주특별자치도,Industrial_Materials,6,1.0600000000000003,24017.766200000005,271899.24
17,제주특별자치도,Industrial_Materials,7,1.0000000000000002,22658.270000000004,271899.24
17,제주특별자치도,Industrial_Materials,8,0.9800000000000001,22205.104600000002,271899.24
17,제주특별자치도,Industrial_Materials,9,1.0200000000000002,23111.435400000006,271899.24
17,제주특별자치도,Industrial_Materials,10,1.0700000000000003,24244.348900000008,271899.24
17,제주특별자치도,Industrial_Materials,11,1.0000000000000002,22658.270000000004,271899.24
17,제주특별자치도,Industrial_Materials,12,0.8700000000000001,19712.694900000002,271899.24
17,제주특별자치도,Durables_Electronics,1,0.96,143186.57599999997,1789832.2
17,제주특별자치도,Durables_Electronics,2,0.88,131254.36133333333,1789832.2
17,제주특별자치도,Durables_Electronics,3,0.95,141695.04916666663,1789832.2
17,제주특별자치도,Durables_Electronics,4,1.0,149152.68333333332,1789832.2
17,제주특별자치도,Durables_Electronics,5,1.02,152135.737,1789832.2
17,제주특별자치도,Durables_Electronics,6,1.04,155118.79066666667,1789832.2
17,제주특별자치도,Durables_Electronics,7,1.07,159593.37116666665,1789832.2
17,제주특별자치도,Durables_Electronics,8,1.03,153627.26383333333,1789832.2
17,제주특별자치도,Durables_Electronics,9,1.01,150644.21016666666,1789832.2
17,제주특별자치도,Durables_Electronics,10,1.04,155118.79066666667,1789832.2
17,제주특별자치도,Durables_Electronics,11,1.08,161084.898,1789832.2
17,제주특별자치도,Durables_Electronics,12,0.92,137220.46866666665,1789832.2
17,제주특별자치도,Ecommerce_Misc,1,1.05,143236.912,1636993.28
17,제주특별자치도,Ecommerce_Misc,2,0.9,122774.496,1636993.28
17,제주특별자치도,Ecommerce_Misc,3,0.93,126866.9792,1636993.28
17,제주특별자치도,Ecommerce_Misc,4,0.96,130959.46239999999,1636993.28
17,제주특별자치도,Ecommerce_Misc,5,0.98,133687.78453333332,1636993.28
17,제주특별자치도,Ecommerce_Misc,6,1.0,136416.10666666666,1636993.28
17,제주특별자치도,Ecommerce_Misc,7,1.04,141872.75093333333,1636993.28
17,제주특별자치도,Ecommerce_Misc,8,1.06,144601.07306666666,1636993.28
17,제주특별자치도,Ecommerce_Misc,9,1.08,147329.3952,1636993.28
17,제주특별자치도,Ecommerce_Misc,10,1.02,139144.4288,1636993.28
17,제주특별자치도,Ecommerce_Misc,11,0.98,133687.78453333332,1636993.28
17,제주특별자치도,Ecommerce_Misc,12,1.0,136416.10666666666,1636993.28
