hub_id,peak_period,required_capacity,current_capacity,shortfall_tons
WH_0001,Q4_2023,914.76,757.0,157.76
WH_0002,Q4_2023,1196.01,1196.0,0.009999999999990905
WH_0005,Q4_2023,2434.19,2048.0,386.19000000000005
WH_0006,Q4_2023,1310.08,1164.0,146.07999999999993
WH_0007,Q4_2023,1404.02,1211.5,192.51999999999998
WH_0008,Q4_2023,1228.95,1070.0,158.95000000000005
WH_0010,Q4_2023,1580.89,1254.5,326.3900000000001
WH_0011,Q4_2023,2804.28,2396.5,407.7800000000002
WH_0014,Q4_2023,7015.45,6523.0,492.4499999999998
WH_0016,Q4_2023,2119.49,2102.0,17.48999999999978
WH_0018,Q4_2023,582.02,572.5,9.519999999999982
WH_0019,Q4_2023,5780.13,5197.0,583.1300000000001
WH_0021,Q4_2023,9859.87,7919.0,1940.8700000000008
WH_0022,Q4_2023,1715.83,1671.0,44.82999999999993
WH_0023,Q4_2023,1020.69,916.0,104.69000000000005
WH_0026,Q4_2023,2204.43,1902.0,302.42999999999984
WH_0029,Q4_2023,4380.06,3619.5,760.5600000000004
WH_0032,Q4_2023,3105.93,2495.0,610.9299999999998
WH_0033,Q4_2023,2922.38,2530.5,391.8800000000001
WH_0034,Q4_2023,9529.51,7769.5,1760.0100000000002
WH_0035,Q4_2023,8192.55,7000.0,1192.5499999999993
WH_0036,Q4_2023,1127.88,931.5,196.3800000000001
WH_0037,Q4_2023,300.36,250.0,50.360000000000014
WH_0038,Q4_2023,3787.67,2943.5,844.1700000000001
WH_0041,Q4_2023,10810.68,10119.0,691.6800000000003
WH_0042,Q4_2023,15749.84,12475.0,3274.84
WH_0044,Q4_2023,2800.28,2600.0,200.2800000000002
WH_0045,Q4_2023,850.11,682.5,167.61
WH_0046,Q4_2023,5270.12,4556.0,714.1199999999999
WH_0047,Q4_2023,443.7,390.0,53.69999999999999
WH_0048,Q4_2023,1017.62,1001.0,16.620000000000005
WH_0050,Q4_2023,20436.66,20196.5,240.15999999999985
WH_0051,Q4_2023,6562.1,5331.0,1231.1000000000004
WH_0052,Q4_2023,6261.51,5597.5,664.0100000000002
WH_0053,Q4_2023,641.01,594.0,47.00999999999999
WH_0055,Q4_2023,17408.11,17347.5,60.61000000000058
WH_0056,Q4_2023,2630.52,2299.0,331.52
WH_0057,Q4_2023,294.63,250.0,44.629999999999995
WH_0059,Q4_2023,1610.3,1326.5,283.79999999999995
WH_0060,Q4_2023,8123.09,7731.0,392.09000000000015
WH_0062,Q4_2023,724.13,709.5,14.629999999999995
WH_0063,Q4_2023,32903.49,25965.5,6937.989999999998
WH_0064,Q4_2023,3745.07,3177.0,568.0700000000002
WH_0065,Q4_2023,5289.82,5135.0,154.8199999999997
WH_0066,Q4_2023,1354.31,1231.5,122.80999999999995
WH_0068,Q4_2023,2157.44,1822.5,334.94000000000005
WH_0070,Q4_2023,815.5,780.5,35.0
WH_0072,Q4_2023,714.97,671.0,43.97000000000003
WH_0074,Q4_2023,938.23,874.0,64.23000000000002
WH_0076,Q4_2023,499.96,467.5,32.45999999999998
WH_0078,Q4_2023,1650.98,1369.5,281.48
WH_0079,Q4_2023,2945.8,2604.5,341.3000000000002
WH_0080,Q4_2023,2420.52,2313.5,107.01999999999998
WH_0081,Q4_2023,1415.99,1230.0,185.99
WH_0082,Q4_2023,836.62,760.5,76.12
WH_0084,Q4_2023,5027.69,4873.5,154.1899999999996
WH_0086,Q4_2023,871.85,830.0,41.85000000000002
WH_0088,Q4_2023,2723.16,2601.0,122.15999999999985
WH_0089,Q4_2023,9818.18,8220.5,1597.6800000000003
WH_0090,Q4_2023,711.45,633.5,77.95000000000005
WH_0091,Q4_2023,277.87,250.0,27.870000000000005
WH_0092,Q4_2023,2392.22,1926.0,466.2199999999998
WH_0093,Q4_2023,3103.41,2726.5,376.90999999999985
WH_0096,Q4_2023,1570.21,1483.0,87.21000000000004
WH_0097,Q4_2023,7759.88,6990.0,769.8800000000001
WH_0098,Q4_2023,1602.68,1506.0,96.68000000000006
WH_0100,Q4_2023,21851.98,18372.0,3479.9799999999996
WH_0102,Q4_2023,7266.1,6197.5,1068.6000000000004
WH_0106,Q4_2023,889.83,879.5,10.330000000000041
WH_0108,Q4_2023,1404.47,1332.5,71.97000000000003
WH_0109,Q4_2023,1698.71,1442.0,256.71000000000004
WH_0110,Q4_2023,848.46,812.5,35.960000000000036
WH_0111,Q4_2023,4554.61,4036.0,518.6099999999997
WH_0112,Q4_2023,673.86,552.0,121.86000000000001
WH_0114,Q4_2023,672.42,636.5,35.91999999999996
WH_0115,Q4_2023,3149.72,2802.0,347.7199999999998
WH_0117,Q4_2023,26003.44,23512.5,2490.9399999999987
WH_0118,Q4_2023,1605.66,1330.5,275.1600000000001
WH_0119,Q4_2023,2788.52,2627.5,161.01999999999998
WH_0120,Q4_2023,15936.99,15403.0,533.9899999999998
WH_0121,Q4_2023,892.48,729.5,162.98000000000002
WH_0124,Q4_2023,461.56,404.5,57.06
WH_0125,Q4_2023,303.55,250.0,53.55000000000001
WH_0126,Q4_2023,5955.33,5666.5,288.8299999999999
WH_0129,Q4_2023,3487.05,3117.0,370.0500000000002
WH_0130,Q4_2023,1407.81,1275.0,132.80999999999995
WH_0131,Q4_2023,1276.63,1044.5,232.1300000000001
WH_0132,Q4_2023,19364.7,14937.5,4427.200000000001
WH_0135,Q4_2023,732.99,648.0,84.99000000000001
WH_0136,Q4_2023,14257.19,11302.0,2955.1900000000005
WH_0137,Q4_2023,1433.49,1309.5,123.99000000000001
WH_0139,Q4_2023,6221.56,5767.5,454.0600000000004
WH_0140,Q4_2023,9944.63,9878.0,66.6299999999992
WH_0141,Q4_2023,6140.93,5007.0,1133.9300000000003
WH_0142,Q4_2023,638.3,547.5,90.79999999999995
WH_0143,Q4_2023,1611.34,1312.5,298.8399999999999
WH_0144,Q4_2023,544.13,453.5,90.63
WH_0145,Q4_2023,641.81,528.5,113.30999999999995
WH_0146,Q4_2023,20569.55,18818.5,1751.0499999999993
WH_0147,Q4_2023,1363.6,1278.0,85.59999999999991
WH_0148,Q4_2023,11455.7,9235.5,2220.2000000000007
WH_0149,Q4_2023,1644.46,1588.5,55.960000000000036
WH_0150,Q4_2023,321.35,315.5,5.850000000000023
WH_0151,Q4_2023,3760.81,3016.5,744.31
WH_0152,Q4_2023,4017.84,3729.0,288.84000000000015
WH_0154,Q4_2023,393.44,318.5,74.94
WH_0155,Q4_2023,4144.12,3341.0,803.1199999999999
WH_0156,Q4_2023,8349.82,8300.5,49.31999999999971
WH_0157,Q4_2023,1503.73,1161.0,342.73
WH_0158,Q4_2023,1325.89,1028.5,297.3900000000001
WH_0159,Q4_2023,1275.53,1179.5,96.02999999999997
WH_0160,Q4_2023,601.85,485.5,116.35000000000002
WH_0161,Q4_2023,992.25,786.5,205.75
WH_0162,Q4_2023,3431.25,3067.5,363.75
WH_0163,Q4_2023,1526.5,1231.5,295.0
WH_0164,Q4_2023,2754.33,2190.0,564.3299999999999
WH_0165,Q4_2023,2500.44,2356.5,143.94000000000005
WH_0166,Q4_2023,22151.18,21629.0,522.1800000000003
WH_0167,Q4_2023,6185.68,5248.5,937.1800000000003
WH_0168,Q4_2023,415.3,373.5,41.80000000000001
WH_0169,Q4_2023,2689.58,2247.5,442.0799999999999
WH_0170,Q4_2023,525.04,495.0,30.039999999999964
WH_0171,Q4_2023,5594.76,4810.5,784.2600000000002
WH_0175,Q4_2023,2928.93,2343.5,585.4299999999998
WH_0176,Q4_2023,3286.35,2546.5,739.8499999999999
WH_0177,Q4_2023,3502.56,2758.0,744.56
WH_0178,Q4_2023,1803.45,1695.5,107.95000000000005
WH_0181,Q4_2023,10159.38,8476.5,1682.8799999999992
WH_0182,Q4_2023,8253.21,7146.5,1106.7099999999991
WH_0184,Q4_2023,1828.16,1590.0,238.16000000000008
WH_0185,Q4_2023,18385.3,16356.0,2029.2999999999993
WH_0186,Q4_2023,1849.65,1752.5,97.15000000000009
WH_0187,Q4_2023,884.23,736.5,147.73000000000002
WH_0188,Q4_2023,3524.79,3255.0,269.78999999999996
WH_0189,Q4_2023,10211.51,8006.5,2205.01
WH_0192,Q4_2023,56005.8,46780.0,9225.800000000003
WH_0193,Q4_2023,1199.19,1163.5,35.690000000000055
WH_0194,Q4_2023,13237.02,10236.0,3001.0200000000004
WH_0196,Q4_2023,6112.27,5252.0,860.2700000000004
WH_0197,Q4_2023,18780.59,15738.5,3042.09
WH_0198,Q4_2023,1896.74,1543.0,353.74
WH_0199,Q4_2023,5553.93,5416.0,137.9300000000003
WH_0201,Q4_2023,2462.24,2361.5,100.73999999999978
WH_0203,Q4_2023,53854.56,50979.0,2875.5599999999977
WH_0204,Q4_2023,11149.45,8603.0,2546.4500000000007
WH_0205,Q4_2023,6162.83,4952.0,1210.83
WH_0207,Q4_2023,8995.24,8838.5,156.73999999999978
WH_0208,Q4_2023,6577.41,5352.5,1224.9099999999999
WH_0209,Q4_2023,12338.79,10453.0,1885.7900000000009
WH_0210,Q4_2023,1776.01,1533.0,243.01
WH_0211,Q4_2023,3640.49,3091.0,549.4899999999998
WH_0213,Q4_2023,1880.62,1698.5,182.1199999999999
WH_0214,Q4_2023,18981.18,16314.5,2666.6800000000003
WH_0216,Q4_2023,3682.28,3102.0,580.2800000000002
WH_0217,Q4_2023,3103.66,2882.5,221.15999999999985
WH_0218,Q4_2023,500.79,395.0,105.79000000000002
WH_0219,Q4_2023,16611.92,16082.5,529.4199999999983
WH_0220,Q4_2023,28251.38,23488.0,4763.380000000001
WH_0221,Q4_2023,4315.67,4166.5,149.17000000000007
WH_0223,Q4_2023,683.78,528.5,155.27999999999997
WH_0224,Q4_2023,2669.09,2181.5,487.59000000000015
WH_0225,Q4_2023,423.48,394.0,29.480000000000018
WH_0226,Q4_2023,3397.03,3290.5,106.5300000000002
WH_0228,Q4_2023,10852.27,9392.0,1460.2700000000004
WH_0229,Q4_2023,5147.81,4868.5,279.3100000000004
WH_0230,Q4_2023,12755.01,12110.5,644.5100000000002
WH_0231,Q4_2023,2732.54,2206.5,526.04
WH_0233,Q4_2023,3123.91,2865.5,258.40999999999985
WH_0235,Q4_2023,1496.72,1428.0,68.72000000000003
WH_0236,Q4_2023,6317.82,6120.0,197.8199999999997
WH_0237,Q4_2023,831.03,770.0,61.02999999999997
WH_0238,Q4_2023,679.23,612.0,67.23000000000002
WH_0239,Q4_2023,1991.61,1885.0,106.6099999999999
WH_0240,Q4_2023,287.99,250.0,37.99000000000001
WH_0241,Q4_2023,871.64,738.5,133.14
WH_0242,Q4_2023,6536.27,5302.0,1234.2700000000004
WH_0243,Q4_2023,16425.67,13175.0,3250.6699999999983
WH_0244,Q4_2023,1204.64,1130.5,74.1400000000001
WH_0246,Q4_2023,1306.69,1293.0,13.690000000000055
WH_0249,Q4_2023,1756.14,1673.0,83.1400000000001
WH_0250,Q4_2023,1431.67,1234.5,197.17000000000007
WH_0251,Q4_2023,21268.55,19534.0,1734.5499999999993
WH_0252,Q4_2023,3070.79,2838.0,232.78999999999996
WH_0253,Q4_2023,2122.52,1804.5,318.02
WH_0254,Q4_2023,6101.26,5342.5,758.7600000000002
WH_0255,Q4_2023,710.01,564.5,145.51
WH_0256,Q4_2023,8981.44,8633.0,348.4400000000005
WH_0257,Q4_2023,10163.74,8966.5,1197.2399999999998
WH_0259,Q4_2023,17062.78,14453.5,2609.279999999999
WH_0260,Q4_2023,4750.96,3951.5,799.46
WH_0261,Q4_2023,1618.83,1269.5,349.3299999999999
WH_0262,Q4_2023,11133.52,10038.0,1095.5200000000004
WH_0263,Q4_2023,7668.51,6203.5,1465.0100000000002
WH_0264,Q4_2023,358.85,304.5,54.35000000000002
WH_0266,Q4_2023,4544.62,3724.5,820.1199999999999
WH_0267,Q4_2023,2704.75,2694.5,10.25
WH_0268,Q4_2023,1613.08,1359.0,254.07999999999993
WH_0270,Q4_2023,1769.47,1616.0,153.47000000000003
WH_0271,Q4_2023,4915.09,3886.0,1029.0900000000001
WH_0272,Q4_2023,3969.45,3273.0,696.4499999999998
WH_0273,Q4_2023,2888.19,2255.0,633.19
WH_0274,Q4_2023,3316.19,2615.5,700.69
WH_0275,Q4_2023,2913.63,2700.5,213.1300000000001
WH_0277,Q4_2023,31343.29,30118.5,1224.7900000000009
WH_0278,Q4_2023,747.22,705.5,41.72000000000003
WH_0279,Q4_2023,1429.77,1162.5,267.27
WH_0281,Q4_2023,3615.36,2943.5,671.8600000000001
WH_0282,Q4_2023,2772.74,2293.0,479.7399999999998
WH_0283,Q4_2023,11718.38,9260.0,2458.379999999999
WH_0285,Q4_2023,3888.18,3533.5,354.67999999999984
WH_0287,Q4_2023,20403.98,17040.0,3363.9799999999996
WH_0289,Q4_2023,5996.91,5033.0,963.9099999999999
WH_0290,Q4_2023,15846.42,12806.5,3039.92
WH_0291,Q4_2023,2525.02,1996.5,528.52
WH_0293,Q4_2023,874.07,748.0,126.07000000000005
WH_0294,Q4_2023,598.29,502.5,95.78999999999996
WH_0296,Q4_2023,2001.65,1664.0,337.6500000000001
WH_0297,Q4_2023,575.1,464.0,111.10000000000002
WH_0298,Q4_2023,47211.73,45915.5,1296.2300000000032
WH_0300,Q4_2023,4255.94,3443.5,812.4399999999996
WH_0301,Q4_2023,1239.44,994.5,244.94000000000005
WH_0302,Q4_2023,2332.32,2184.0,148.32000000000016
WH_0303,Q4_2023,3798.67,3049.5,749.1700000000001
WH_0304,Q4_2023,474.26,373.5,100.75999999999999
WH_0306,Q4_2023,801.6,769.0,32.60000000000002
WH_0307,Q4_2023,1301.08,1194.0,107.07999999999993
WH_0311,Q4_2023,2842.15,2606.0,236.1500000000001
WH_0315,Q4_2023,1391.49,1095.0,296.49
WH_0316,Q4_2023,40749.45,32242.0,8507.449999999997
WH_0317,Q4_2023,5416.78,5257.5,159.27999999999975
WH_0318,Q4_2023,2400.4,2103.0,297.4000000000001
WH_0319,Q4_2023,8417.5,7812.5,605.0
WH_0320,Q4_2023,591.03,475.0,116.02999999999997
WH_0321,Q4_2023,1216.14,937.0,279.1400000000001
WH_0323,Q4_2023,1902.24,1559.0,343.24
WH_0324,Q4_2023,835.04,727.0,108.03999999999996
WH_0325,Q4_2023,2894.71,2560.0,334.71000000000004
WH_0326,Q4_2023,481.72,380.0,101.72000000000003
WH_0328,Q4_2023,642.99,575.5,67.49000000000001
WH_0329,Q4_2023,1354.09,1054.5,299.5899999999999
WH_0330,Q4_2023,2810.74,2692.0,118.73999999999978
WH_0332,Q4_2023,1028.19,830.5,197.69000000000005
WH_0333,Q4_2023,10531.0,9103.5,1427.5
WH_0334,Q4_2023,1705.79,1681.0,24.789999999999964
WH_0335,Q4_2023,45098.48,39737.5,5360.980000000003
WH_0337,Q4_2023,5822.49,5748.0,74.48999999999978
WH_0338,Q4_2023,556.02,497.5,58.51999999999998
WH_0339,Q4_2023,699.24,654.0,45.24000000000001
WH_0340,Q4_2023,62266.48,48945.0,13321.480000000003
WH_0341,Q4_2023,3323.11,2711.0,612.1100000000001
WH_0342,Q4_2023,1901.63,1734.5,167.1300000000001
WH_0343,Q4_2023,1187.24,1102.5,84.74000000000001
WH_0345,Q4_2023,3209.72,2542.0,667.7199999999998
WH_0346,Q4_2023,4880.57,4343.5,537.0699999999997
WH_0347,Q4_2023,13887.48,13031.0,856.4799999999996
WH_0348,Q4_2023,631.75,509.0,122.75
WH_0349,Q4_2023,1482.49,1182.5,299.99
WH_0350,Q4_2023,5716.32,4640.0,1076.3199999999997
WH_0351,Q4_2023,2989.77,2655.0,334.77
WH_0352,Q4_2023,2438.54,2067.0,371.53999999999996
WH_0353,Q4_2023,19967.98,15425.0,4542.98
WH_0354,Q4_2023,16721.7,14702.0,2019.7000000000007
WH_0356,Q4_2023,3885.9,3015.0,870.9000000000001
WH_0357,Q4_2023,4542.95,4151.5,391.4499999999998
WH_0358,Q4_2023,528.23,413.5,114.73000000000002
WH_0359,Q4_2023,517.21,476.5,40.710000000000036
WH_0360,Q4_2023,333.08,282.5,50.579999999999984
WH_0361,Q4_2023,1453.77,1230.5,223.26999999999998
WH_0362,Q4_2023,4459.16,3932.5,526.6599999999999
WH_0364,Q4_2023,982.6,764.5,218.10000000000002
WH_0365,Q4_2023,2708.02,2378.0,330.02
WH_0366,Q4_2023,943.85,850.0,93.85000000000002
WH_0367,Q4_2023,562.5,473.5,89.0
WH_0368,Q4_2023,2251.72,1911.5,340.2199999999998
WH_0369,Q4_2023,1452.85,1188.0,264.8499999999999
WH_0370,Q4_2023,1685.71,1368.5,317.21000000000004
WH_0371,Q4_2023,6744.97,5987.0,757.9700000000003
WH_0372,Q4_2023,17322.95,16005.0,1317.9500000000007
WH_0373,Q4_2023,5437.09,4267.5,1169.5900000000001
WH_0374,Q4_2023,3221.92,2895.0,326.9200000000001
WH_0376,Q4_2023,1382.97,1117.0,265.97
WH_0377,Q4_2023,10590.68,10195.5,395.1800000000003
WH_0379,Q4_2023,2163.85,1668.5,495.3499999999999
WH_0380,Q4_2023,5205.42,4790.0,415.4200000000001
WH_0381,Q4_2023,1380.12,1135.5,244.6199999999999
WH_0382,Q4_2023,3559.78,3392.0,167.7800000000002
WH_0383,Q4_2023,5072.24,4688.0,384.2399999999998
WH_0385,Q4_2023,30209.14,28978.5,1230.6399999999994
WH_0387,Q4_2023,7397.28,6901.0,496.27999999999975
WH_0388,Q4_2023,4426.31,3449.5,976.8100000000004
WH_0390,Q4_2023,10495.16,10047.0,448.15999999999985
WH_0391,Q4_2023,4870.5,3970.0,900.5
WH_0392,Q4_2023,5316.55,4966.5,350.0500000000002
WH_0393,Q4_2023,3810.77,3560.0,250.76999999999998
WH_0394,Q4_2023,68316.55,55763.5,12553.050000000003
WH_0395,Q4_2023,7495.94,6068.5,1427.4399999999996
WH_0396,Q4_2023,6056.5,5512.0,544.5
WH_0397,Q4_2023,2227.2,1912.0,315.1999999999998
WH_0399,Q4_2023,746.55,585.0,161.54999999999995
WH_0400,Q4_2023,1462.21,1182.0,280.21000000000004
WH_0401,Q4_2023,1230.97,958.0,272.97
WH_0403,Q4_2023,6616.15,5847.0,769.1499999999996
WH_0404,Q4_2023,1758.85,1521.5,237.3499999999999
WH_0405,Q4_2023,561.7,448.0,113.70000000000005
WH_0406,Q4_2023,13488.71,11181.0,2307.709999999999
WH_0407,Q4_2023,1565.16,1248.5,316.6600000000001
WH_0408,Q4_2023,34834.91,27287.0,7547.9100000000035
WH_0409,Q4_2023,9875.58,8398.0,1477.58
WH_0412,Q4_2023,9209.49,7732.5,1476.9899999999998
WH_0413,Q4_2023,721.44,624.5,96.94000000000005
WH_0414,Q4_2023,282.62,261.5,21.120000000000005
WH_0415,Q4_2023,15973.01,15108.0,865.0100000000002
WH_0416,Q4_2023,29358.2,22737.5,6620.700000000001
WH_0417,Q4_2023,2272.83,1872.5,400.3299999999999
WH_0418,Q4_2023,9105.22,9075.5,29.719999999999345
WH_0419,Q4_2023,1694.16,1367.0,327.1600000000001
WH_0420,Q4_2023,316.82,294.5,22.319999999999993
WH_0424,Q4_2023,1578.9,1420.0,158.9000000000001
WH_0427,Q4_2023,1095.15,857.0,238.1500000000001
WH_0428,Q4_2023,4901.62,3819.0,1082.62
WH_0429,Q4_2023,16500.87,14736.5,1764.369999999999
WH_0430,Q4_2023,1138.77,1002.5,136.26999999999998
WH_0432,Q4_2023,5735.76,4564.0,1171.7600000000002
WH_0433,Q4_2023,6822.02,6374.0,448.02000000000044
WH_0434,Q4_2023,522.73,482.5,40.23000000000002
WH_0435,Q4_2023,406.57,354.0,52.56999999999999
WH_0437,Q4_2023,931.23,726.0,205.23000000000002
WH_0439,Q4_2023,1115.88,910.5,205.3800000000001
WH_0440,Q4_2023,270.66,250.0,20.660000000000025
WH_0441,Q4_2023,275.02,250.0,25.019999999999982
WH_0442,Q4_2023,36284.19,29023.0,7261.190000000002
WH_0447,Q4_2023,7854.01,7091.0,763.0100000000002
WH_0448,Q4_2023,123244.94,113389.5,9855.440000000002
WH_0449,Q4_2023,1668.25,1473.0,195.25
WH_0450,Q4_2023,530.14,437.5,92.63999999999999
WH_0451,Q4_2023,27670.28,23267.5,4402.779999999999
WH_0453,Q4_2023,4602.86,4396.5,206.35999999999967
WH_0455,Q4_2023,1011.27,781.0,230.26999999999998
WH_0456,Q4_2023,768.26,682.5,85.75999999999999
WH_0457,Q4_2023,2844.68,2233.5,611.1799999999998
WH_0458,Q4_2023,4869.14,4108.5,760.6400000000003
WH_0459,Q4_2023,10635.55,10216.0,419.5499999999993
WH_0460,Q4_2023,3773.18,3633.0,140.17999999999984
WH_0462,Q4_2023,12793.58,11944.0,849.5799999999999
WH_0464,Q4_2023,1200.87,1185.0,15.86999999999989
WH_0466,Q4_2023,5998.16,4736.0,1262.1599999999999
WH_0467,Q4_2023,1541.88,1535.5,6.380000000000109
WH_0470,Q4_2023,2924.99,2387.0,537.9899999999998
WH_0472,Q4_2023,3470.45,3128.5,341.9499999999998
WH_0473,Q4_2023,6305.86,4968.5,1337.3599999999997
WH_0475,Q4_2023,957.2,740.0,217.20000000000005
WH_0476,Q4_2023,3401.3,3048.5,352.8000000000002
WH_0477,Q4_2023,6148.29,5263.5,884.79
WH_0478,Q4_2023,2353.4,1839.5,513.9000000000001
WH_0479,Q4_2023,2159.65,2096.0,63.65000000000009
WH_0480,Q4_2023,2207.51,2127.0,80.51000000000022
WH_0482,Q4_2023,3268.94,3088.5,180.44000000000005
WH_0484,Q4_2023,5328.78,5142.5,186.27999999999975
WH_0485,Q4_2023,1294.72,1291.5,3.2200000000000273
WH_0486,Q4_2023,25956.16,22307.5,3648.66
WH_0487,Q4_2023,2832.27,2401.0,431.27
WH_0488,Q4_2023,364.24,353.5,10.740000000000009
WH_0489,Q4_2023,9924.43,7686.5,2237.9300000000003
WH_0492,Q4_2023,4717.95,4483.5,234.44999999999982
WH_0494,Q4_2023,345.48,273.0,72.48000000000002
WH_0495,Q4_2023,2451.73,2083.5,368.23
WH_0497,Q4_2023,2713.2,2690.0,23.199999999999818
WH_0498,Q4_2023,975.95,893.5,82.45000000000005
WH_0499,Q4_2023,3604.12,2849.0,755.1199999999999
WH_0500,Q4_2023,22620.42,18787.0,3833.4199999999983
WH_0502,Q4_2023,2394.72,2350.5,44.2199999999998
WH_0503,Q4_2023,474.52,454.5,20.019999999999982
WH_0504,Q4_2023,6343.89,6117.5,226.39000000000033
WH_0506,Q4_2023,15013.51,12276.0,2737.51
WH_0507,Q4_2023,2565.13,2028.0,537.1300000000001
WH_0508,Q4_2023,1189.71,996.5,193.21000000000004
WH_0509,Q4_2023,11279.54,8938.0,2341.540000000001
WH_0510,Q4_2023,2862.11,2285.0,577.1100000000001
WH_0511,Q4_2023,360.83,282.5,78.32999999999998
WH_0512,Q4_2023,5670.99,4525.0,1145.9899999999998
WH_0513,Q4_2023,1542.96,1376.5,166.46000000000004
WH_0514,Q4_2023,7387.67,7209.0,178.67000000000007
WH_0515,Q4_2023,323.5,250.0,73.5
WH_0516,Q4_2023,846.96,751.5,95.46000000000004
WH_0517,Q4_2023,2218.38,1876.0,342.3800000000001
WH_0518,Q4_2023,5400.71,4176.5,1224.21
WH_0519,Q4_2023,2240.5,2183.0,57.5
WH_0520,Q4_2023,3819.95,3251.0,568.9499999999998
WH_0522,Q4_2023,2838.38,2799.5,38.88000000000011
WH_0524,Q4_2023,3002.9,2747.0,255.9000000000001
WH_0525,Q4_2023,13300.51,11223.0,2077.51
WH_0526,Q4_2023,4986.17,4103.0,883.1700000000001
WH_0528,Q4_2023,1383.3,1099.0,284.29999999999995
WH_0529,Q4_2023,4284.14,3475.0,809.1400000000003
WH_0532,Q4_2023,9960.64,9498.5,462.1399999999994
WH_0533,Q4_2023,766.77,652.0,114.76999999999998
WH_0534,Q4_2023,6801.35,6263.0,538.3500000000004
WH_0536,Q4_2023,994.28,934.5,59.77999999999997
WH_0537,Q4_2023,641.14,558.5,82.63999999999999
WH_0538,Q4_2023,4028.41,3439.5,588.9099999999999
WH_0539,Q4_2023,1449.41,1391.5,57.91000000000008
WH_0540,Q4_2023,2707.52,2476.5,231.01999999999998
WH_0542,Q4_2023,19185.67,16734.5,2451.1699999999983
WH_0543,Q4_2023,7041.19,5671.5,1369.6899999999996
WH_0544,Q4_2023,3884.36,3829.0,55.36000000000013
WH_0545,Q4_2023,445.16,373.0,72.16000000000003
WH_0549,Q4_2023,2507.48,2008.5,498.98
WH_0550,Q4_2023,7453.41,6029.0,1424.4099999999999
WH_0551,Q4_2023,31201.58,29606.5,1595.0800000000017
WH_0555,Q4_2023,3745.38,3332.0,413.3800000000001
WH_0556,Q4_2023,3138.27,2764.0,374.27
WH_0558,Q4_2023,1852.12,1577.0,275.1199999999999
WH_0560,Q4_2023,13119.35,11172.0,1947.3500000000004
WH_0561,Q4_2023,1493.6,1202.5,291.0999999999999
WH_0562,Q4_2023,108608.02,106101.5,2506.520000000004
WH_0565,Q4_2023,2313.15,1939.0,374.1500000000001
WH_0567,Q4_2023,5481.87,5399.0,82.86999999999989
WH_0568,Q4_2023,1908.0,1541.5,366.5
WH_0569,Q4_2023,1147.34,972.0,175.33999999999992
WH_0570,Q4_2023,538.19,469.5,68.69000000000005
WH_0573,Q4_2023,6684.06,6421.0,263.0600000000004
WH_0574,Q4_2023,6339.66,5749.0,590.6599999999999
WH_0575,Q4_2023,2813.13,2380.5,432.6300000000001
WH_0576,Q4_2023,1196.64,1005.0,191.6400000000001
WH_0578,Q4_2023,3956.55,3174.0,782.5500000000002
WH_0579,Q4_2023,6931.42,5420.5,1510.92
WH_0581,Q4_2023,6990.24,6649.0,341.2399999999998
WH_0582,Q4_2023,267.23,250.0,17.230000000000018
WH_0584,Q4_2023,583.35,511.0,72.35000000000002
WH_0585,Q4_2023,23856.03,21321.5,2534.529999999999
WH_0587,Q4_2023,4896.56,4352.5,544.0600000000004
WH_0588,Q4_2023,83858.53,67403.0,16455.53
WH_0589,Q4_2023,2464.84,2383.0,81.84000000000015
WH_0590,Q4_2023,1724.55,1503.5,221.04999999999995
WH_0591,Q4_2023,1028.93,916.0,112.93000000000006
WH_0592,Q4_2023,2624.42,2430.0,194.42000000000007
WH_0593,Q4_2023,8379.19,6614.0,1765.1900000000005
WH_0594,Q4_2023,2181.85,1707.0,474.8499999999999
WH_0595,Q4_2023,1440.79,1387.5,53.289999999999964
WH_0598,Q4_2023,1369.49,1221.0,148.49
WH_0599,Q4_2023,15944.44,13550.0,2394.4400000000005
WH_0600,Q4_2023,11880.15,10831.5,1048.6499999999996
WH_0601,Q4_2023,1297.93,1171.0,126.93000000000006
WH_0602,Q4_2023,13099.69,10420.5,2679.1900000000005
WH_0603,Q4_2023,3097.68,2459.0,638.6799999999998
WH_0604,Q4_2023,257.81,250.0,7.810000000000002
WH_0605,Q4_2023,1721.48,1335.5,385.98
WH_0606,Q4_2023,15167.37,14042.0,1125.3700000000008
WH_0608,Q4_2023,2552.75,2244.0,308.75
WH_0609,Q4_2023,383.62,381.0,2.6200000000000045
WH_0612,Q4_2023,5885.23,5286.5,598.7299999999996
WH_0613,Q4_2023,1453.19,1279.0,174.19000000000005
WH_0614,Q4_2023,753.46,738.0,15.460000000000036
WH_0615,Q4_2023,2385.25,1868.0,517.25
WH_0616,Q4_2023,2192.57,1954.0,238.57000000000016
WH_0617,Q4_2023,3032.1,2401.0,631.0999999999999
WH_0619,Q4_2023,6821.04,5798.0,1023.04
WH_0620,Q4_2023,2735.87,2516.0,219.8699999999999
WH_0621,Q4_2023,1717.42,1607.0,110.42000000000007
WH_0622,Q4_2023,18033.25,15767.0,2266.25
WH_0623,Q4_2023,3801.29,2994.5,806.79
WH_0625,Q4_2023,444.23,360.0,84.23000000000002
WH_0627,Q4_2023,2545.15,2520.0,25.15000000000009
WH_0628,Q4_2023,1367.01,1173.0,194.01
WH_0629,Q4_2023,13218.71,11439.5,1779.2099999999991
WH_0631,Q4_2023,19664.95,16375.0,3289.9500000000007
WH_0632,Q4_2023,625.1,543.5,81.60000000000002
WH_0633,Q4_2023,9569.74,8035.5,1534.2399999999998
WH_0634,Q4_2023,2991.69,2948.0,43.690000000000055
WH_0635,Q4_2023,431.58,357.0,74.57999999999998
WH_0636,Q4_2023,3034.86,2477.5,557.3600000000001
WH_0637,Q4_2023,2463.5,1979.0,484.5
WH_0638,Q4_2023,17009.19,15475.0,1534.1899999999987
WH_0639,Q4_2023,1780.47,1468.0,312.47
WH_0641,Q4_2023,3693.13,3085.5,607.6300000000001
WH_0643,Q4_2023,23812.03,21420.0,2392.029999999999
WH_0645,Q4_2023,18641.51,14585.5,4056.0099999999984
WH_0648,Q4_2023,4141.81,3381.0,760.8100000000004
WH_0649,Q4_2023,32759.57,30531.5,2228.0699999999997
WH_0651,Q4_2023,1458.51,1127.5,331.01
WH_0652,Q4_2023,1310.81,1195.5,115.30999999999995
WH_0653,Q4_2023,1322.77,1080.5,242.26999999999998
WH_0654,Q4_2023,7517.37,7172.0,345.3699999999999
WH_0655,Q4_2023,2645.22,2500.0,145.2199999999998
WH_0656,Q4_2023,6831.76,5599.5,1232.2600000000002
WH_0657,Q4_2023,28600.34,26333.0,2267.34
WH_0658,Q4_2023,3542.08,2785.0,757.0799999999999
WH_0659,Q4_2023,1987.65,1958.5,29.15000000000009
WH_0661,Q4_2023,691.98,546.5,145.48000000000002
WH_0664,Q4_2023,864.01,679.5,184.51
WH_0665,Q4_2023,316.94,291.0,25.939999999999998
WH_0666,Q4_2023,2660.16,2228.5,431.65999999999985
WH_0667,Q4_2023,1262.32,1092.5,169.81999999999994
WH_0669,Q4_2023,6618.69,5466.5,1152.1899999999996
WH_0670,Q4_2023,1338.35,1090.0,248.3499999999999
WH_0672,Q4_2023,2140.44,1817.0,323.44000000000005
WH_0673,Q4_2023,20422.28,19802.0,620.2799999999988
WH_0674,Q4_2023,1110.95,931.5,179.45000000000005
WH_0675,Q4_2023,4628.48,4060.0,568.4799999999996
WH_0677,Q4_2023,1611.62,1550.0,61.61999999999989
WH_0678,Q4_2023,126892.28,102616.5,24275.78
WH_0679,Q4_2023,5216.47,4667.0,549.4700000000003
WH_0680,Q4_2023,23963.98,21186.0,2777.9799999999996
WH_0682,Q4_2023,1257.22,1171.5,85.72000000000003
WH_0683,Q4_2023,4473.93,4164.0,309.9300000000003
WH_0684,Q4_2023,20363.89,18329.0,2034.8899999999994
WH_0685,Q4_2023,772.56,663.0,109.55999999999995
WH_0686,Q4_2023,7912.54,6807.5,1105.04
WH_0687,Q4_2023,514.61,397.5,117.11000000000001
WH_0688,Q4_2023,5760.19,4900.5,859.6899999999996
WH_0690,Q4_2023,4823.23,4072.5,750.7299999999996
WH_0691,Q4_2023,290.64,250.0,40.639999999999986
WH_0692,Q4_2023,996.58,872.5,124.08000000000004
WH_0693,Q4_2023,9037.58,8767.0,270.5799999999999
WH_0694,Q4_2023,548.42,477.0,71.41999999999996
WH_0696,Q4_2023,5032.84,4013.0,1019.8400000000001
WH_0697,Q4_2023,422.5,395.5,27.0
WH_0698,Q4_2023,19142.22,15480.5,3661.720000000001
WH_0699,Q4_2023,805.43,643.5,161.92999999999995
WH_0700,Q4_2023,1652.36,1272.5,379.8599999999999
WH_0704,Q4_2023,2514.74,2318.0,196.73999999999978
WH_0706,Q4_2023,10500.55,8511.5,1989.0499999999993
WH_0707,Q4_2023,526.55,408.0,118.54999999999995
WH_0708,Q4_2023,463.19,431.5,31.689999999999998
WH_0709,Q4_2023,4089.21,3151.5,937.71
WH_0710,Q4_2023,3863.72,3038.5,825.2199999999998
WH_0711,Q4_2023,23754.51,18306.0,5448.509999999998
WH_0712,Q4_2023,7155.51,6651.0,504.5100000000002
WH_0713,Q4_2023,8232.86,6564.0,1668.8600000000006
WH_0715,Q4_2023,6181.91,4763.0,1418.9099999999999
WH_0716,Q4_2023,600.52,500.0,100.51999999999998
WH_0718,Q4_2023,4676.91,4555.0,121.90999999999985
WH_0721,Q4_2023,3228.91,3220.5,8.409999999999854
WH_0722,Q4_2023,7168.27,6621.5,546.7700000000004
WH_0724,Q4_2023,6225.1,5622.5,602.6000000000004
WH_0725,Q4_2023,3735.44,3498.0,237.44000000000005
WH_0727,Q4_2023,2499.86,2267.0,232.86000000000013
WH_0728,Q4_2023,18381.02,14640.5,3740.5200000000004
WH_0729,Q4_2023,5184.58,4476.0,708.5799999999999
WH_0730,Q4_2023,6614.03,5991.5,622.5299999999997
WH_0731,Q4_2023,7861.23,6973.5,887.7299999999996
WH_0732,Q4_2023,2720.89,2572.0,148.88999999999987
WH_0733,Q4_2023,9170.19,8905.5,264.6900000000005
WH_0734,Q4_2023,602.18,468.5,133.67999999999995
WH_0735,Q4_2023,2113.84,1863.0,250.84000000000015
WH_0737,Q4_2023,34089.09,26846.0,7243.0899999999965
WH_0738,Q4_2023,8361.68,6893.5,1468.1800000000003
WH_0739,Q4_2023,2800.81,2533.5,267.30999999999995
WH_0741,Q4_2023,672.81,544.0,128.80999999999995
WH_0742,Q4_2023,1885.77,1756.5,129.26999999999998
WH_0743,Q4_2023,5240.99,4873.5,367.4899999999998
WH_0744,Q4_2023,1487.28,1178.5,308.78
WH_0746,Q4_2023,509.98,502.5,7.480000000000018
WH_0747,Q4_2023,4791.97,4748.0,43.970000000000255
WH_0748,Q4_2023,3861.07,3642.0,219.07000000000016
WH_0749,Q4_2023,2397.93,1865.0,532.9299999999998
WH_0750,Q4_2023,113604.85,88359.0,25245.850000000006
WH_0751,Q4_2023,7742.59,7428.0,314.59000000000015
WH_0754,Q4_2023,948.81,816.0,132.80999999999995
WH_0755,Q4_2023,9152.54,7925.5,1227.0400000000009
WH_0756,Q4_2023,3388.14,2625.0,763.1399999999999
WH_0757,Q4_2023,1961.69,1894.0,67.69000000000005
WH_0758,Q4_2023,4778.45,4131.5,646.9499999999998
WH_0759,Q4_2023,8576.46,8371.0,205.45999999999913
WH_0760,Q4_2023,296.83,257.5,39.329999999999984
WH_0761,Q4_2023,882.56,867.0,15.559999999999945
WH_0762,Q4_2023,3144.75,2467.5,677.25
WH_0763,Q4_2023,856.17,728.0,128.16999999999996
WH_0764,Q4_2023,3907.65,3338.5,569.1500000000001
WH_0766,Q4_2023,1964.93,1854.5,110.43000000000006
WH_0767,Q4_2023,1932.34,1715.0,217.33999999999992
WH_0768,Q4_2023,657.55,647.0,10.549999999999955
WH_0770,Q4_2023,4494.76,3920.0,574.7600000000002
WH_0771,Q4_2023,9773.8,9160.0,613.7999999999993
WH_0772,Q4_2023,2448.51,1926.0,522.5100000000002
WH_0773,Q4_2023,13689.49,10848.5,2840.99
WH_0774,Q4_2023,2654.36,2634.5,19.860000000000127
WH_0775,Q4_2023,1497.15,1186.5,310.6500000000001
WH_0777,Q4_2023,1265.78,1146.5,119.27999999999997
WH_0778,Q4_2023,2367.08,1969.5,397.5799999999999
WH_0780,Q4_2023,671.41,627.5,43.90999999999997
WH_0781,Q4_2023,5550.78,5041.0,509.77999999999975
WH_0782,Q4_2023,2960.73,2711.5,249.23000000000002
WH_0785,Q4_2023,16317.13,13238.5,3078.629999999999
WH_0786,Q4_2023,1557.68,1382.0,175.68000000000006
WH_0787,Q4_2023,3683.56,3114.0,569.56
WH_0788,Q4_2023,9135.29,8890.0,245.29000000000087
WH_0789,Q4_2023,824.56,712.0,112.55999999999995
WH_0790,Q4_2023,1946.3,1891.5,54.799999999999955
WH_0791,Q4_2023,732.44,664.5,67.94000000000005
WH_0793,Q4_2023,878.92,827.0,51.91999999999996
WH_0794,Q4_2023,9892.67,8464.0,1428.67
WH_0796,Q4_2023,5750.52,4773.0,977.5200000000004
WH_0798,Q4_2023,485.97,476.5,9.470000000000027
WH_0799,Q4_2023,5562.6,4767.5,795.1000000000004
WH_0801,Q4_2023,843.94,732.5,111.44000000000005
WH_0803,Q4_2023,6026.23,5551.5,474.72999999999956
WH_0805,Q4_2023,5190.66,4315.5,875.1599999999999
WH_0807,Q4_2023,2669.65,2344.0,325.6500000000001
WH_0808,Q4_2023,17437.86,13691.0,3746.8600000000006
WH_0809,Q4_2023,6245.89,5184.0,1061.8900000000003
WH_0810,Q4_2023,10879.09,9100.0,1779.0900000000001
WH_0812,Q4_2023,3170.52,2529.0,641.52
WH_0813,Q4_2023,1098.91,920.5,178.41000000000008
WH_0816,Q4_2023,2886.21,2850.0,36.210000000000036
WH_0817,Q4_2023,777.43,689.5,87.92999999999995
WH_0819,Q4_2023,1265.97,1008.0,257.97
WH_0820,Q4_2023,22445.55,18562.0,3883.5499999999993
WH_0821,Q4_2023,33076.93,26671.0,6405.93
WH_0822,Q4_2023,4056.77,3706.0,350.77
WH_0823,Q4_2023,4774.61,4043.0,731.6099999999997
WH_0825,Q4_2023,3625.36,3283.0,342.3600000000001
WH_0826,Q4_2023,2042.06,1922.5,119.55999999999995
WH_0827,Q4_2023,1716.27,1405.0,311.27
WH_0831,Q4_2023,4095.26,3329.5,765.7600000000002
WH_0832,Q4_2023,4441.61,4241.0,200.60999999999967
WH_0833,Q4_2023,2384.1,1919.5,464.5999999999999
WH_0834,Q4_2023,403.91,383.0,20.910000000000025
WH_0836,Q4_2023,4936.97,4368.5,568.4700000000003
WH_0837,Q4_2023,671.76,580.0,91.75999999999999
WH_0838,Q4_2023,1836.58,1611.0,225.57999999999993
WH_0839,Q4_2023,1435.06,1421.5,13.559999999999945
WH_0840,Q4_2023,1373.35,1259.0,114.34999999999991
WH_0841,Q4_2023,2736.74,2366.5,370.2399999999998
WH_0842,Q4_2023,325.38,288.0,37.379999999999995
WH_0844,Q4_2023,926.7,736.5,190.20000000000005
WH_0846,Q4_2023,1467.31,1271.0,196.30999999999995
WH_0847,Q4_2023,20136.44,19800.5,335.9399999999987
WH_0848,Q4_2023,7464.32,6528.0,936.3199999999997
WH_0849,Q4_2023,4910.34,3942.0,968.3400000000001
WH_0850,Q4_2023,7730.49,6775.5,954.9899999999998
WH_0851,Q4_2023,2969.74,2307.5,662.2399999999998
WH_0852,Q4_2023,2534.69,2281.0,253.69000000000005
WH_0853,Q4_2023,391.23,318.0,73.23000000000002
WH_0854,Q4_2023,1825.43,1769.0,56.430000000000064
WH_0857,Q4_2023,16456.43,14460.5,1995.9300000000003
WH_0858,Q4_2023,709.14,658.5,50.639999999999986
WH_0859,Q4_2023,1367.53,1185.0,182.52999999999997
WH_0860,Q4_2023,8061.41,6680.0,1381.4099999999999
WH_0861,Q4_2023,11242.17,10598.0,644.1700000000001
WH_0862,Q4_2023,2312.6,1863.5,449.0999999999999
WH_0863,Q4_2023,1416.59,1299.0,117.58999999999992
WH_0865,Q4_2023,972.92,898.5,74.41999999999996
WH_0866,Q4_2023,13328.75,10739.0,2589.75
WH_0867,Q4_2023,316.81,250.0,66.81
WH_0869,Q4_2023,4352.89,3489.5,863.3900000000003
WH_0870,Q4_2023,318.16,250.0,68.16000000000003
WH_0874,Q4_2023,3188.14,3182.0,6.139999999999873
WH_0875,Q4_2023,283.98,250.0,33.98000000000002
WH_0876,Q4_2023,4363.12,3469.0,894.1199999999999
WH_0878,Q4_2023,6926.85,6048.5,878.3500000000004
WH_0879,Q4_2023,1581.77,1432.0,149.76999999999998
WH_0882,Q4_2023,6730.03,5482.0,1248.0299999999997
WH_0883,Q4_2023,1161.7,1037.0,124.70000000000005
WH_0884,Q4_2023,2374.01,2275.0,99.01000000000022
WH_0886,Q4_2023,9265.08,8017.5,1247.58
WH_0887,Q4_2023,1023.67,845.5,178.16999999999996
WH_0888,Q4_2023,15691.88,14386.5,1305.3799999999992
WH_0889,Q4_2023,406.23,343.5,62.73000000000002
WH_0891,Q4_2023,4650.84,3625.5,1025.3400000000001
WH_0892,Q4_2023,263.17,250.0,13.170000000000016
WH_0893,Q4_2023,10466.66,10447.0,19.659999999999854
WH_0894,Q4_2023,16923.72,15246.0,1677.7200000000012
WH_0895,Q4_2023,8059.58,7521.0,538.5799999999999
WH_0896,Q4_2023,678.28,651.5,26.779999999999973
WH_0897,Q4_2023,1603.53,1302.5,301.03
WH_0899,Q4_2023,319.87,276.5,43.370000000000005
WH_0900,Q4_2023,2595.17,2263.0,332.1700000000001
WH_0901,Q4_2023,8782.01,7335.5,1446.5100000000002
WH_0902,Q4_2023,1054.99,890.0,164.99
WH_0903,Q4_2023,3950.66,3373.5,577.1599999999999
WH_0904,Q4_2023,3802.67,3475.0,327.6700000000001
WH_0906,Q4_2023,52202.2,44394.0,7808.199999999997
WH_0907,Q4_2023,3434.04,2679.5,754.54
WH_0908,Q4_2023,3473.07,2697.0,776.0700000000002
WH_0909,Q4_2023,4001.95,3669.5,332.4499999999998
WH_0910,Q4_2023,998.68,875.0,123.67999999999995
WH_0913,Q4_2023,2743.52,2196.0,547.52
WH_0914,Q4_2023,535.12,459.5,75.62
WH_0916,Q4_2023,5948.45,4764.5,1183.9499999999998
WH_0917,Q4_2023,1772.88,1500.0,272.8800000000001
WH_0918,Q4_2023,1727.91,1541.5,186.41000000000008
WH_0919,Q4_2023,1376.11,1333.0,43.1099999999999
WH_0920,Q4_2023,1238.65,1115.5,123.15000000000009
WH_0921,Q4_2023,2665.39,2637.5,27.889999999999873
WH_0923,Q4_2023,6132.87,5111.0,1021.8699999999999
WH_0924,Q4_2023,3572.34,3216.0,356.34000000000015
WH_0925,Q4_2023,11812.07,9875.0,1937.0699999999997
WH_0926,Q4_2023,12450.43,10337.5,2112.9300000000003
WH_0928,Q4_2023,1078.14,879.0,199.1400000000001
WH_0929,Q4_2023,684.93,580.5,104.42999999999995
WH_0930,Q4_2023,2069.31,1648.0,421.30999999999995
WH_0931,Q4_2023,461.54,399.0,62.54000000000002
WH_0932,Q4_2023,2710.8,2512.5,198.30000000000018
WH_0934,Q4_2023,21098.41,17415.0,3683.41
WH_0935,Q4_2023,7253.48,6229.5,1023.9799999999996
WH_0936,Q4_2023,2166.17,1823.5,342.6700000000001
WH_0940,Q4_2023,7857.32,6115.0,1742.3199999999997
WH_0941,Q4_2023,1124.13,871.5,252.6300000000001
WH_0943,Q4_2023,1246.26,1052.0,194.26
WH_0944,Q4_2023,8939.74,8880.5,59.23999999999978
WH_0945,Q4_2023,571.24,520.5,50.74000000000001
WH_0946,Q4_2023,331.77,260.5,71.26999999999998
WH_0947,Q4_2023,1858.4,1712.5,145.9000000000001
WH_0948,Q4_2023,3664.62,3323.0,341.6199999999999
WH_0950,Q4_2023,1393.61,1179.0,214.6099999999999
WH_0953,Q4_2023,2697.59,2208.0,489.59000000000015
WH_0954,Q4_2023,17182.5,14776.5,2406.0
WH_0955,Q4_2023,9360.3,7698.0,1662.2999999999993
WH_0956,Q4_2023,1800.05,1782.5,17.549999999999955
WH_0957,Q4_2023,2213.66,2182.0,31.659999999999854
WH_0958,Q4_2023,5190.67,4319.5,871.1700000000001
WH_0959,Q4_2023,2771.46,2152.0,619.46
WH_0961,Q4_2023,911.88,706.5,205.38
WH_0962,Q4_2023,3282.19,2802.0,480.19000000000005
WH_0963,Q4_2023,1345.77,1187.0,158.76999999999998
WH_0965,Q4_2023,1781.03,1539.0,242.02999999999997
WH_0966,Q4_2023,1525.33,1491.5,33.82999999999993
WH_0967,Q4_2023,576.33,506.0,70.33000000000004
WH_0968,Q4_2023,1087.91,996.0,91.91000000000008
WH_0969,Q4_2023,9474.72,7920.5,1554.2199999999993
WH_0971,Q4_2023,964.26,963.5,0.7599999999999909
WH_0972,Q4_2023,8304.99,7181.5,1123.4899999999998
WH_0973,Q4_2023,1726.15,1503.0,223.1500000000001
WH_0974,Q4_2023,1183.4,1171.0,12.400000000000091
WH_0976,Q4_2023,4298.1,4153.0,145.10000000000036
WH_0978,Q4_2023,1242.69,1090.5,152.19000000000005
WH_0979,Q4_2023,9030.47,7239.5,1790.9699999999993
WH_0980,Q4_2023,699.48,598.0,101.48000000000002
WH_0981,Q4_2023,7309.22,5941.0,1368.2200000000003
WH_0982,Q4_2023,1606.26,1309.5,296.76
WH_0983,Q4_2023,893.21,697.0,196.21000000000004
WH_0984,Q4_2023,6490.2,5659.5,830.6999999999998
WH_0985,Q4_2023,898.01,889.5,8.509999999999991
WH_0986,Q4_2023,2963.88,2345.0,618.8800000000001
WH_0989,Q4_2023,3956.1,3067.0,889.0999999999999
WH_0991,Q4_2023,2466.5,1997.0,469.5
WH_0992,Q4_2023,1083.66,1019.5,64.16000000000008
WH_0993,Q4_2023,6545.01,5068.0,1477.0100000000002
WH_0994,Q4_2023,9236.2,8748.0,488.2000000000007
WH_0996,Q4_2023,15180.63,13773.0,1407.6299999999992
WH_0997,Q4_2023,1034.02,830.0,204.01999999999998
WH_0998,Q4_2023,28367.24,25243.0,3124.2400000000016
WH_0999,Q4_2023,4167.13,3244.0,923.1300000000001
WH_1000,Q4_2023,871.23,862.0,9.230000000000018
WH_1001,Q4_2023,829.77,818.5,11.269999999999982
WH_1003,Q4_2023,929.59,874.0,55.59000000000003
WH_1004,Q4_2023,7900.28,7034.5,865.7799999999997
WH_1005,Q4_2023,1910.16,1653.5,256.6600000000001
WH_1006,Q4_2023,2252.14,1739.0,513.1399999999999
WH_1007,Q4_2023,11853.44,11375.5,477.9400000000005
WH_1008,Q4_2023,705.62,676.0,29.620000000000005
WH_1011,Q4_2023,10061.29,9208.0,853.2900000000009
WH_1012,Q4_2023,4555.79,3792.5,763.29
WH_1013,Q4_2023,771.31,595.0,176.30999999999995
WH_1014,Q4_2023,915.14,727.0,188.14
WH_1015,Q4_2023,2871.43,2303.5,567.9299999999998
WH_1016,Q4_2023,42923.25,39771.5,3151.75
WH_1017,Q4_2023,444.88,383.0,61.879999999999995
WH_1018,Q4_2023,5067.31,4346.0,721.3100000000004
WH_1019,Q4_2023,837.54,662.5,175.03999999999996
WH_1021,Q4_2023,14349.7,13179.0,1170.7000000000007
WH_1022,Q4_2023,2307.59,2055.0,252.59000000000015
WH_1023,Q4_2023,7368.54,5734.0,1634.54
WH_1024,Q4_2023,11361.65,10752.0,609.6499999999996
WH_1025,Q4_2023,1874.23,1747.0,127.23000000000002
WH_1026,Q4_2023,2095.24,2085.0,10.239999999999782
WH_1027,Q4_2023,5310.32,4108.5,1201.8199999999997
WH_1030,Q4_2023,373.65,324.5,49.14999999999998
WH_1032,Q4_2023,3565.56,3041.5,524.06
WH_1034,Q4_2023,25085.67,21493.0,3592.6699999999983
WH_1035,Q4_2023,2245.13,1756.5,488.6300000000001
WH_1036,Q4_2023,1205.04,1025.5,179.53999999999996
WH_1037,Q4_2023,3968.0,3171.5,796.5
WH_1038,Q4_2023,1472.96,1249.0,223.96000000000004
WH_1040,Q4_2023,1119.95,937.5,182.45000000000005
WH_1041,Q4_2023,31810.22,26210.0,5600.220000000001
WH_1042,Q4_2023,16648.02,14673.5,1974.5200000000004
WH_1045,Q4_2023,5656.48,5571.0,85.47999999999956
WH_1046,Q4_2023,32151.63,28655.0,3496.630000000001
WH_1047,Q4_2023,33739.78,26815.0,6924.779999999999
WH_1048,Q4_2023,2488.41,2060.0,428.40999999999985
WH_1049,Q4_2023,557.56,521.0,36.559999999999945
WH_1050,Q4_2023,2561.44,2240.0,321.44000000000005
WH_1052,Q4_2023,14261.7,12943.0,1318.7000000000007
WH_1053,Q4_2023,5184.05,4301.5,882.5500000000002
WH_1054,Q4_2023,2722.51,2185.0,537.5100000000002
WH_1056,Q4_2023,4071.22,3491.5,579.7199999999998
WH_1059,Q4_2023,1705.14,1543.0,162.1400000000001
WH_1061,Q4_2023,268.51,250.0,18.50999999999999
WH_1064,Q4_2023,9868.36,8392.5,1475.8600000000006
WH_1066,Q4_2023,2232.25,1890.5,341.75
WH_1067,Q4_2023,2944.95,2616.5,328.4499999999998
WH_1068,Q4_2023,532.35,526.0,6.350000000000023
WH_1069,Q4_2023,10677.31,9810.0,867.3099999999995
WH_1070,Q4_2023,292.05,250.0,42.05000000000001
WH_1071,Q4_2023,781.27,731.0,50.26999999999998
WH_1072,Q4_2023,5683.27,5457.5,225.77000000000044
WH_1074,Q4_2023,1455.76,1292.5,163.26
WH_1075,Q4_2023,7793.39,6538.5,1254.8900000000003
WH_1076,Q4_2023,1985.17,1601.5,383.6700000000001
WH_1080,Q4_2023,1057.4,858.0,199.4000000000001
WH_1082,Q4_2023,4099.34,4089.5,9.840000000000146
WH_1083,Q4_2023,5504.8,4492.5,1012.3000000000002
WH_1084,Q4_2023,21187.4,17359.0,3828.4000000000015
WH_1085,Q4_2023,2011.04,1938.0,73.03999999999996
WH_1086,Q4_2023,828.38,696.0,132.38
WH_1088,Q4_2023,17378.87,16650.5,728.369999999999
WH_1089,Q4_2023,2539.75,2317.0,222.75
WH_1090,Q4_2023,14908.17,14017.5,890.6700000000001
WH_1092,Q4_2023,16963.58,14281.0,2682.5800000000017
WH_1093,Q4_2023,1666.59,1298.5,368.0899999999999
WH_1094,Q4_2023,53778.21,50047.0,3731.209999999999
WH_1095,Q4_2023,6161.75,5300.0,861.75
WH_1096,Q4_2023,574.65,517.0,57.64999999999998
WH_1097,Q4_2023,317.7,250.0,67.69999999999999
WH_1098,Q4_2023,2718.51,2614.5,104.01000000000022
WH_1102,Q4_2023,1330.24,1142.5,187.74
WH_1103,Q4_2023,34493.47,31463.5,3029.970000000001
WH_1104,Q4_2023,690.26,566.5,123.75999999999999
WH_1108,Q4_2023,12290.84,9726.0,2564.84
WH_1109,Q4_2023,4637.06,3678.5,958.5600000000004
WH_1110,Q4_2023,1211.41,1037.0,174.41000000000008
WH_1112,Q4_2023,10323.09,9002.5,1320.5900000000001
WH_1113,Q4_2023,2918.33,2560.0,358.3299999999999
WH_1114,Q4_2023,4525.88,3951.5,574.3800000000001
WH_1115,Q4_2023,798.58,753.0,45.58000000000004
WH_1116,Q4_2023,8179.27,7190.0,989.2700000000004
WH_1117,Q4_2023,314.34,250.0,64.33999999999997
WH_1118,Q4_2023,935.8,788.0,147.79999999999995
WH_1119,Q4_2023,390.49,386.0,4.490000000000009
WH_1120,Q4_2023,1205.96,1148.0,57.960000000000036
WH_1121,Q4_2023,4129.67,4075.5,54.17000000000007
WH_1124,Q4_2023,2833.39,2356.5,476.8899999999999
WH_1126,Q4_2023,1526.46,1465.0,61.460000000000036
WH_1129,Q4_2023,3847.06,2979.5,867.56
WH_1130,Q4_2023,1147.5,1025.5,122.0
WH_1131,Q4_2023,10690.43,10282.0,408.4300000000003
WH_1132,Q4_2023,5688.13,4991.0,697.1300000000001
WH_1133,Q4_2023,9327.47,8452.5,874.9699999999993
WH_1134,Q4_2023,8377.53,6575.0,1802.5300000000007
WH_1136,Q4_2023,2637.06,2222.5,414.55999999999995
WH_1138,Q4_2023,1084.0,885.5,198.5
WH_1139,Q4_2023,12737.3,11354.0,1383.2999999999993
WH_1140,Q4_2023,6777.31,6729.0,48.3100000000004
WH_1142,Q4_2023,4750.22,3663.0,1087.2200000000003
WH_1143,Q4_2023,10670.49,8822.5,1847.9899999999998
WH_1145,Q4_2023,1367.38,1309.5,57.88000000000011
WH_1146,Q4_2023,3158.51,2576.5,582.0100000000002
WH_1147,Q4_2023,3749.97,3443.0,306.9699999999998
WH_1149,Q4_2023,2156.12,1976.5,179.6199999999999
WH_1150,Q4_2023,23496.39,18971.0,4525.389999999999
WH_1151,Q4_2023,1247.91,1165.0,82.91000000000008
WH_1154,Q4_2023,3783.7,2924.5,859.1999999999998
WH_1155,Q4_2023,1582.31,1418.5,163.80999999999995
WH_1156,Q4_2023,587.35,487.5,99.85000000000002
WH_1157,Q4_2023,3938.3,3615.0,323.3000000000002
WH_1158,Q4_2023,2345.52,1976.5,369.02
WH_1159,Q4_2023,16792.27,13650.0,3142.2700000000004
WH_1160,Q4_2023,3668.88,3647.5,21.38000000000011
WH_1162,Q4_2023,29631.58,28491.0,1140.5800000000017
WH_1163,Q4_2023,3747.9,3617.0,130.9000000000001
WH_1164,Q4_2023,7619.84,6600.0,1019.8400000000001
WH_1165,Q4_2023,884.55,762.5,122.04999999999995
WH_1167,Q4_2023,1027.09,961.5,65.58999999999992
WH_1168,Q4_2023,5409.57,4327.5,1082.0699999999997
WH_1171,Q4_2023,4674.59,4290.0,384.59000000000015
WH_1172,Q4_2023,1040.14,849.5,190.6400000000001
WH_1173,Q4_2023,5704.04,4965.5,738.54
WH_1175,Q4_2023,2381.28,2017.5,363.7800000000002
WH_1176,Q4_2023,757.18,726.0,31.17999999999995
WH_1177,Q4_2023,571.0,570.5,0.5
WH_1178,Q4_2023,5384.42,4551.5,832.9200000000001
WH_1179,Q4_2023,6762.91,5393.0,1369.9099999999999
WH_1180,Q4_2023,4159.41,4068.5,90.90999999999985
WH_1181,Q4_2023,695.16,539.0,156.15999999999997
WH_1187,Q4_2023,9554.02,8520.0,1034.0200000000004
WH_1188,Q4_2023,1758.87,1525.0,233.8699999999999
WH_1190,Q4_2023,1070.43,1048.5,21.930000000000064
WH_1191,Q4_2023,17280.28,16939.5,340.77999999999884
WH_1192,Q4_2023,1536.49,1410.0,126.49000000000001
WH_1193,Q4_2023,1508.48,1309.5,198.98000000000002
WH_1194,Q4_2023,746.33,651.0,95.33000000000004
WH_1196,Q4_2023,2133.74,1944.0,189.73999999999978
WH_1197,Q4_2023,2964.01,2436.5,527.5100000000002
WH_1198,Q4_2023,1048.61,1025.5,23.1099999999999
WH_1199,Q4_2023,2930.95,2906.5,24.449999999999818
WH_1200,Q4_2023,3710.7,2969.5,741.1999999999998
WH_1201,Q4_2023,1284.29,1012.0,272.28999999999996
WH_1202,Q4_2023,4068.66,3289.5,779.1599999999999
WH_1203,Q4_2023,4063.76,3529.5,534.2600000000002
WH_1204,Q4_2023,924.81,844.5,80.30999999999995
WH_1206,Q4_2023,7991.82,6811.5,1180.3199999999997
WH_1208,Q4_2023,8232.5,8175.0,57.5
WH_1209,Q4_2023,4977.02,4113.5,863.5200000000004
WH_1210,Q4_2023,2328.88,2102.5,226.3800000000001
WH_1213,Q4_2023,538.73,449.5,89.23000000000002
WH_1215,Q4_2023,2760.61,2212.5,548.1100000000001
WH_1216,Q4_2023,2419.56,2288.5,131.05999999999995
WH_1217,Q4_2023,1924.94,1621.5,303.44000000000005
WH_1218,Q4_2023,2130.44,1641.0,489.44000000000005
WH_1219,Q4_2023,709.75,597.0,112.75
WH_1221,Q4_2023,2709.95,2641.0,68.94999999999982
WH_1222,Q4_2023,499.51,496.5,3.009999999999991
WH_1223,Q4_2023,4093.67,3873.0,220.67000000000007
WH_1226,Q4_2023,555.25,529.5,25.75
WH_1228,Q4_2023,1331.03,1180.0,151.02999999999997
WH_1229,Q4_2023,11711.22,9386.5,2324.7199999999993
WH_1230,Q4_2023,30829.42,23751.0,7078.419999999998
WH_1231,Q4_2023,1413.09,1184.5,228.58999999999992
WH_1232,Q4_2023,267.3,254.5,12.800000000000011
WH_1236,Q4_2023,761.01,697.5,63.50999999999999
WH_1238,Q4_2023,282.68,250.0,32.68000000000001
WH_1240,Q4_2023,1537.85,1396.0,141.8499999999999
WH_1241,Q4_2023,276.72,250.0,26.720000000000027
WH_1242,Q4_2023,1810.91,1673.0,137.91000000000008
WH_1243,Q4_2023,1048.79,872.0,176.78999999999996
WH_1245,Q4_2023,310.88,250.0,60.879999999999995
WH_1250,Q4_2023,561.92,445.0,116.91999999999996
WH_1251,Q4_2023,1206.83,1088.5,118.32999999999993
WH_1252,Q4_2023,2283.54,1799.0,484.53999999999996
WH_1253,Q4_2023,7653.53,6915.5,738.0299999999997
WH_1257,Q4_2023,414.59,353.5,61.089999999999975
WH_1258,Q4_2023,1622.53,1493.5,129.02999999999997
WH_1259,Q4_2023,2687.22,2168.0,519.2199999999998
WH_1261,Q4_2023,814.33,723.0,91.33000000000004
WH_1262,Q4_2023,4954.16,4210.0,744.1599999999999
WH_1263,Q4_2023,6337.77,6043.5,294.27000000000044
WH_1264,Q4_2023,4294.81,3601.5,693.3100000000004
WH_1265,Q4_2023,3150.18,3084.0,66.17999999999984
WH_1266,Q4_2023,9200.29,8705.0,495.2900000000009
WH_1267,Q4_2023,473.5,388.5,85.0
WH_1268,Q4_2023,3506.2,2814.5,691.6999999999998
WH_1269,Q4_2023,1699.37,1542.0,157.3699999999999
WH_1270,Q4_2023,1360.44,1063.0,297.44000000000005
WH_1271,Q4_2023,13653.4,11852.0,1801.3999999999996
WH_1272,Q4_2023,2803.09,2704.5,98.59000000000015
WH_1273,Q4_2023,664.31,657.5,6.809999999999945
WH_1274,Q4_2023,4055.18,3206.0,849.1799999999998
WH_1275,Q4_2023,5752.67,5021.5,731.1700000000001
WH_1276,Q4_2023,2963.06,2680.0,283.05999999999995
WH_1277,Q4_2023,13986.55,12433.5,1553.0499999999993
WH_1278,Q4_2023,3538.58,3290.0,248.57999999999993
WH_1279,Q4_2023,2432.55,1932.0,500.5500000000002
WH_1281,Q4_2023,17656.99,17368.5,288.4900000000016
WH_1282,Q4_2023,276.54,254.5,22.04000000000002
WH_1283,Q4_2023,1249.12,1185.0,64.11999999999989
WH_1285,Q4_2023,965.53,854.0,111.52999999999997
WH_1286,Q4_2023,20650.72,17931.5,2719.220000000001
WH_1287,Q4_2023,10171.6,8877.5,1294.1000000000004
WH_1288,Q4_2023,1648.53,1542.0,106.52999999999997
WH_1291,Q4_2023,438.86,397.0,41.860000000000014
WH_1292,Q4_2023,2269.96,2193.0,76.96000000000004
WH_1293,Q4_2023,2375.24,2285.5,89.73999999999978
WH_1296,Q4_2023,2804.66,2718.5,86.15999999999985
WH_1298,Q4_2023,6642.08,6370.5,271.5799999999999
WH_1299,Q4_2023,9906.21,8026.5,1879.7099999999991
WH_1300,Q4_2023,2242.08,2026.5,215.57999999999993
WH_1301,Q4_2023,2039.32,1991.0,48.319999999999936
WH_1302,Q4_2023,3913.04,3552.0,361.03999999999996
WH_1303,Q4_2023,4312.43,3432.0,880.4300000000003
WH_1304,Q4_2023,1327.34,1218.0,109.33999999999992
WH_1305,Q4_2023,43611.7,41181.5,2430.199999999997
WH_1307,Q4_2023,14477.71,11473.0,3004.709999999999
WH_1308,Q4_2023,1530.84,1355.5,175.33999999999992
WH_1309,Q4_2023,304.95,250.0,54.94999999999999
WH_1313,Q4_2023,2078.06,1806.5,271.55999999999995
WH_1315,Q4_2023,25465.6,22807.0,2658.5999999999985
WH_1317,Q4_2023,2860.16,2441.0,419.15999999999985
WH_1318,Q4_2023,4879.14,4586.0,293.1400000000003
WH_1319,Q4_2023,3895.08,3424.5,470.5799999999999
WH_1320,Q4_2023,13529.79,12500.5,1029.2900000000009
WH_1321,Q4_2023,451.57,376.5,75.07
WH_1322,Q4_2023,1780.69,1620.0,160.69000000000005
WH_1323,Q4_2023,314.34,269.5,44.839999999999975
WH_1324,Q4_2023,6342.61,5683.5,659.1099999999997
WH_1325,Q4_2023,3025.22,2993.0,32.2199999999998
WH_1328,Q4_2023,9671.64,8513.5,1158.1399999999994
WH_1329,Q4_2023,2460.44,2201.5,258.94000000000005
WH_1330,Q4_2023,2033.16,1742.0,291.1600000000001
WH_1331,Q4_2023,2747.32,2287.0,460.32000000000016
WH_1332,Q4_2023,293.05,250.0,43.05000000000001
WH_1333,Q4_2023,2245.75,2097.0,148.75
WH_1334,Q4_2023,704.91,672.5,32.40999999999997
WH_1336,Q4_2023,4710.63,3803.5,907.1300000000001
WH_1337,Q4_2023,12255.68,9878.5,2377.1800000000003
WH_1338,Q4_2023,3511.03,3136.0,375.0300000000002
WH_1339,Q4_2023,16652.46,15030.0,1622.4599999999991
WH_1340,Q4_2023,1815.78,1466.5,349.28
WH_1342,Q4_2023,3350.58,2859.5,491.0799999999999
WH_1345,Q4_2023,1457.74,1154.0,303.74
WH_1346,Q4_2023,1467.4,1407.0,60.40000000000009
WH_1347,Q4_2023,5069.45,4449.5,619.9499999999998
WH_1348,Q4_2023,9480.51,8217.0,1263.5100000000002
WH_1349,Q4_2023,3021.19,2958.0,63.190000000000055
WH_1351,Q4_2023,1110.25,984.0,126.25
WH_1352,Q4_2023,9019.73,7241.0,1778.7299999999996
WH_1355,Q4_2023,425.76,335.0,90.75999999999999
WH_1356,Q4_2023,2038.06,1679.0,359.05999999999995
WH_1359,Q4_2023,933.37,795.0,138.37
WH_1360,Q4_2023,2682.73,2601.5,81.23000000000002
WH_1361,Q4_2023,4871.61,3991.5,880.1099999999997
WH_1362,Q4_2023,1765.74,1665.5,100.24000000000001
WH_1364,Q4_2023,10561.1,10316.0,245.10000000000036
WH_1365,Q4_2023,1613.0,1308.0,305.0
WH_1366,Q4_2023,3442.91,3212.5,230.40999999999985
WH_1367,Q4_2023,861.1,662.5,198.60000000000002
WH_1369,Q4_2023,4472.19,3502.5,969.6899999999996
WH_1371,Q4_2023,1275.87,1185.5,90.36999999999989
WH_1372,Q4_2023,533.96,440.5,93.46000000000004
WH_1374,Q4_2023,1429.83,1296.5,133.32999999999993
WH_1375,Q4_2023,1075.23,834.0,241.23000000000002
WH_1376,Q4_2023,8974.36,7617.5,1356.8600000000006
WH_1377,Q4_2023,1076.29,855.5,220.78999999999996
WH_1378,Q4_2023,7721.83,6789.5,932.3299999999999
WH_1379,Q4_2023,4997.57,4703.0,294.5699999999997
WH_1382,Q4_2023,279.2,250.0,29.19999999999999
WH_1384,Q4_2023,8077.77,7645.5,432.27000000000044
WH_1385,Q4_2023,3930.11,3741.5,188.61000000000013
WH_1386,Q4_2023,1731.48,1376.5,354.98
WH_1387,Q4_2023,4160.58,3225.5,935.0799999999999
WH_1388,Q4_2023,6487.83,5664.0,823.8299999999999
WH_1389,Q4_2023,2115.6,1633.0,482.5999999999999
WH_1390,Q4_2023,4147.84,3212.0,935.8400000000001
WH_1391,Q4_2023,321.01,250.0,71.00999999999999
WH_1392,Q4_2023,3242.17,2770.5,471.6700000000001
WH_1393,Q4_2023,1758.93,1357.0,401.93000000000006
WH_1395,Q4_2023,729.03,613.0,116.02999999999997
WH_1396,Q4_2023,5469.99,5439.0,30.98999999999978
WH_1397,Q4_2023,7857.88,6758.5,1099.38
WH_1399,Q4_2023,2875.62,2795.5,80.11999999999989
WH_1401,Q4_2023,7375.36,6780.5,594.8599999999997
WH_1402,Q4_2023,7579.89,6092.0,1487.8900000000003
WH_1403,Q4_2023,715.39,586.0,129.39
WH_1406,Q4_2023,2487.59,2461.5,26.090000000000146
WH_1407,Q4_2023,1406.26,1211.5,194.76
WH_1408,Q4_2023,19035.36,18392.5,642.8600000000006
WH_1411,Q4_2023,2157.59,1900.5,257.09000000000015
WH_1412,Q4_2023,3432.57,3380.0,52.570000000000164
WH_1413,Q4_2023,691.08,591.5,99.58000000000004
WH_1414,Q4_2023,803.82,799.5,4.32000000000005
WH_1415,Q4_2023,1886.21,1489.0,397.21000000000004
WH_1416,Q4_2023,877.86,836.5,41.360000000000014
WH_1417,Q4_2023,4511.16,4458.5,52.659999999999854
WH_1419,Q4_2023,2949.65,2305.5,644.1500000000001
WH_1420,Q4_2023,9080.35,7639.5,1440.8500000000004
WH_1421,Q4_2023,6646.31,5989.5,656.8100000000004
WH_1422,Q4_2023,1998.12,1707.5,290.6199999999999
WH_1423,Q4_2023,781.8,705.5,76.29999999999995
WH_1424,Q4_2023,1262.82,1199.5,63.319999999999936
WH_1426,Q4_2023,2106.2,1862.5,243.69999999999982
WH_1429,Q4_2023,1433.92,1289.0,144.92000000000007
WH_1430,Q4_2023,23319.92,19335.5,3984.4199999999983
WH_1431,Q4_2023,7928.71,6355.5,1573.21
WH_1432,Q4_2023,622.44,562.0,60.440000000000055
WH_1433,Q4_2023,1250.08,1201.5,48.57999999999993
WH_1434,Q4_2023,1556.46,1218.5,337.96000000000004
WH_1435,Q4_2023,723.77,598.5,125.26999999999998
WH_1436,Q4_2023,8500.75,6666.0,1834.75
WH_1437,Q4_2023,2689.81,2440.0,249.80999999999995
WH_1438,Q4_2023,12644.47,10286.5,2357.9699999999993
WH_1439,Q4_2023,1761.39,1415.5,345.8900000000001
WH_1440,Q4_2023,3962.5,3110.0,852.5
WH_1441,Q4_2023,2687.68,2433.5,254.17999999999984
WH_1443,Q4_2023,1901.03,1896.5,4.529999999999973
WH_1444,Q4_2023,13825.62,11859.5,1966.1200000000008
WH_1445,Q4_2023,1662.63,1624.0,38.63000000000011
WH_1446,Q4_2023,1138.67,898.0,240.67000000000007
WH_1447,Q4_2023,16728.38,13866.0,2862.380000000001
WH_1449,Q4_2023,3033.11,2409.0,624.1100000000001
WH_1450,Q4_2023,22730.61,19503.0,3227.6100000000006
WH_1451,Q4_2023,4856.45,3768.0,1088.4499999999998
WH_1452,Q4_2023,1147.36,1019.5,127.8599999999999
WH_1453,Q4_2023,468.71,385.0,83.70999999999998
WH_1455,Q4_2023,4815.29,4604.0,211.28999999999996
WH_1457,Q4_2023,1971.44,1874.5,96.94000000000005
WH_1458,Q4_2023,18531.27,17093.0,1438.2700000000004
WH_1462,Q4_2023,911.4,794.5,116.89999999999998
WH_1463,Q4_2023,15363.93,14548.0,815.9300000000003
WH_1464,Q4_2023,1695.05,1396.0,299.04999999999995
WH_1466,Q4_2023,3160.67,2564.5,596.1700000000001
WH_1467,Q4_2023,5607.7,4373.0,1234.6999999999998
WH_1468,Q4_2023,972.41,774.0,198.40999999999997
WH_1469,Q4_2023,7030.72,6909.0,121.72000000000025
WH_1472,Q4_2023,941.77,786.0,155.76999999999998
WH_1473,Q4_2023,2392.58,2225.0,167.57999999999993
WH_1474,Q4_2023,5898.91,4624.5,1274.4099999999999
WH_1475,Q4_2023,5151.38,4532.5,618.8800000000001
WH_1477,Q4_2023,6872.17,5466.5,1405.67
WH_1478,Q4_2023,2474.53,2106.0,368.5300000000002
WH_1480,Q4_2023,5506.28,5003.5,502.77999999999975
WH_1482,Q4_2023,10533.95,10178.0,355.9500000000007
WH_1484,Q4_2023,2154.97,1707.0,447.9699999999998
WH_1485,Q4_2023,3706.54,3164.0,542.54
WH_1486,Q4_2023,3248.34,2515.0,733.3400000000001
WH_1489,Q4_2023,498.28,477.5,20.779999999999973
WH_1490,Q4_2023,4904.39,4455.0,449.3900000000003
WH_1493,Q4_2023,10678.9,9242.5,1436.3999999999996
WH_1494,Q4_2023,1867.54,1508.0,359.53999999999996
WH_1495,Q4_2023,526.71,407.5,119.21000000000004
WH_1497,Q4_2023,6747.38,5504.0,1243.38
WH_1498,Q4_2023,3327.93,3315.5,12.429999999999836
WH_1499,Q4_2023,9145.47,8452.0,693.4699999999993
WH_1500,Q4_2023,841.92,763.0,78.91999999999996
WH_1501,Q4_2023,264.83,250.0,14.829999999999984
WH_1503,Q4_2023,4420.08,3435.0,985.0799999999999
WH_1504,Q4_2023,972.31,759.5,212.80999999999995
WH_1505,Q4_2023,6774.37,5907.5,866.8699999999999
WH_1507,Q4_2023,2513.39,2141.5,371.8899999999999
WH_1509,Q4_2023,251.89,250.0,1.8899999999999864
WH_1510,Q4_2023,2634.03,2294.0,340.0300000000002
WH_1511,Q4_2023,2232.4,1793.0,439.4000000000001
WH_1512,Q4_2023,6434.77,5375.5,1059.2700000000004
WH_1513,Q4_2023,7344.95,6091.5,1253.4499999999998
WH_1514,Q4_2023,1097.58,936.5,161.07999999999993
WH_1515,Q4_2023,14432.16,11984.5,2447.66
WH_1516,Q4_2023,2139.21,1757.0,382.21000000000004
WH_1517,Q4_2023,1007.56,890.5,117.05999999999995
WH_1518,Q4_2023,4171.42,3282.5,888.9200000000001
WH_1519,Q4_2023,8074.04,7443.5,630.54
WH_1520,Q4_2023,654.3,592.0,62.299999999999955
WH_1521,Q4_2023,255.33,250.0,5.3300000000000125
WH_1522,Q4_2023,1060.22,988.5,71.72000000000003
WH_1524,Q4_2023,2259.46,2073.5,185.96000000000004
WH_1525,Q4_2023,277.99,250.0,27.99000000000001
WH_1527,Q4_2023,6039.7,4647.5,1392.1999999999998
WH_1529,Q4_2023,3226.65,2874.5,352.1500000000001
WH_1530,Q4_2023,1078.14,912.0,166.1400000000001
WH_1531,Q4_2023,2851.34,2243.5,607.8400000000001
WH_1532,Q4_2023,2682.56,2352.5,330.05999999999995
WH_1534,Q4_2023,3983.83,3249.5,734.3299999999999
WH_1538,Q4_2023,1725.54,1391.0,334.53999999999996
WH_1539,Q4_2023,4102.04,3228.5,873.54
WH_1541,Q4_2023,752.68,685.5,67.17999999999995
WH_1543,Q4_2023,1694.34,1535.5,158.83999999999992
WH_1544,Q4_2023,1780.04,1570.0,210.03999999999996
WH_1545,Q4_2023,1745.17,1354.5,390.6700000000001
WH_1547,Q4_2023,6928.0,6630.0,298.0
WH_1548,Q4_2023,3572.74,3167.0,405.7399999999998
WH_1549,Q4_2023,13123.73,12434.0,689.7299999999996
WH_1550,Q4_2023,3836.1,3544.5,291.5999999999999
WH_1551,Q4_2023,5375.96,4203.5,1172.46
WH_1552,Q4_2023,3618.15,3272.0,346.1500000000001
WH_1553,Q4_2023,10487.86,9161.0,1326.8600000000006
WH_1554,Q4_2023,10823.42,9449.5,1373.92
WH_1555,Q4_2023,2983.91,2466.5,517.4099999999999
WH_1556,Q4_2023,464.16,458.0,6.160000000000025
WH_1560,Q4_2023,11699.85,11054.5,645.3500000000004
WH_1561,Q4_2023,4434.16,3637.5,796.6599999999999
WH_1562,Q4_2023,10221.42,8769.0,1452.42
WH_1563,Q4_2023,2063.28,1676.5,386.7800000000002
WH_1564,Q4_2023,3909.31,3560.5,348.80999999999995
WH_1566,Q4_2023,14396.9,14047.0,349.89999999999964
WH_1567,Q4_2023,741.47,732.5,8.970000000000027
WH_1568,Q4_2023,588.74,472.5,116.24000000000001
WH_1569,Q4_2023,4475.79,3922.0,553.79
WH_1570,Q4_2023,7919.21,7125.0,794.21
WH_1571,Q4_2023,5136.47,4840.0,296.47000000000025
WH_1572,Q4_2023,3083.53,2670.5,413.0300000000002
WH_1573,Q4_2023,280.62,250.0,30.620000000000005
WH_1574,Q4_2023,5421.18,4851.0,570.1800000000003
WH_1575,Q4_2023,6056.9,5770.5,286.39999999999964
WH_1576,Q4_2023,972.68,888.0,84.67999999999995
WH_1577,Q4_2023,365.51,285.0,80.50999999999999
WH_1578,Q4_2023,658.93,532.5,126.42999999999995
WH_1579,Q4_2023,1310.52,1018.0,292.52
WH_1580,Q4_2023,7204.59,5926.0,1278.5900000000001
WH_1581,Q4_2023,3024.21,2694.0,330.21000000000004
WH_1582,Q4_2023,36213.12,28494.5,7718.620000000003
WH_1583,Q4_2023,2914.73,2292.5,622.23
WH_1584,Q4_2023,383.47,360.5,22.970000000000027
WH_1585,Q4_2023,786.88,712.5,74.38
WH_1586,Q4_2023,2929.44,2500.5,428.94000000000005
WH_1587,Q4_2023,7187.86,5908.0,1279.8599999999997
WH_1588,Q4_2023,46894.29,43481.5,3412.790000000001
WH_1589,Q4_2023,17629.45,17249.0,380.4500000000007
WH_1590,Q4_2023,414.78,322.5,92.27999999999997
WH_1591,Q4_2023,6876.01,6637.5,238.51000000000022
WH_1592,Q4_2023,2509.26,2393.5,115.76000000000022
WH_1594,Q4_2023,1929.56,1774.5,155.05999999999995
WH_1596,Q4_2023,1568.74,1477.5,91.24000000000001
WH_1600,Q4_2023,2120.67,1888.0,232.67000000000007
WH_1601,Q4_2023,3903.96,3127.0,776.96
WH_1602,Q4_2023,9457.73,8531.0,926.7299999999996
WH_1604,Q4_2023,858.33,681.0,177.33000000000004
WH_1606,Q4_2023,1050.18,1043.5,6.680000000000064
WH_1607,Q4_2023,587.96,462.5,125.46000000000004
WH_1609,Q4_2023,1210.64,979.0,231.6400000000001
WH_1610,Q4_2023,4671.89,4486.5,185.39000000000033
WH_1613,Q4_2023,1757.29,1380.5,376.78999999999996
WH_1614,Q4_2023,497.78,455.5,42.27999999999997
WH_1617,Q4_2023,1891.39,1804.0,87.3900000000001
WH_1618,Q4_2023,1387.8,1082.0,305.79999999999995
WH_1619,Q4_2023,3411.09,2940.5,470.59000000000015
WH_1620,Q4_2023,8383.2,6764.5,1618.7000000000007
WH_1621,Q4_2023,406.91,368.0,38.910000000000025
WH_1623,Q4_2023,1428.82,1234.0,194.81999999999994
WH_1624,Q4_2023,1562.69,1507.0,55.690000000000055
WH_1625,Q4_2023,2179.16,2117.0,62.159999999999854
WH_1626,Q4_2023,4399.76,3632.0,767.7600000000002
WH_1627,Q4_2023,5869.56,4576.0,1293.5600000000004
WH_1628,Q4_2023,2439.74,2425.5,14.239999999999782
WH_1629,Q4_2023,2410.89,1970.0,440.8899999999999
WH_1630,Q4_2023,305.0,250.0,55.0
WH_1631,Q4_2023,7732.02,6376.5,1355.5200000000004
WH_1633,Q4_2023,4180.59,3564.5,616.0900000000001
WH_1634,Q4_2023,777.86,744.5,33.360000000000014
WH_1635,Q4_2023,603.41,515.5,87.90999999999997
WH_1637,Q4_2023,2360.56,1931.5,429.05999999999995
WH_1638,Q4_2023,295.74,250.0,45.74000000000001
WH_1639,Q4_2023,880.08,816.5,63.58000000000004
WH_1640,Q4_2023,3030.29,2338.5,691.79
WH_1641,Q4_2023,345.36,268.0,77.36000000000001
WH_1642,Q4_2023,1779.61,1640.0,139.6099999999999
WH_1643,Q4_2023,2037.43,1652.5,384.93000000000006
WH_1644,Q4_2023,6805.46,6196.5,608.96
WH_1645,Q4_2023,11704.95,9884.0,1820.9500000000007
WH_1646,Q4_2023,3039.34,2648.0,391.34000000000015
WH_1648,Q4_2023,5627.98,4500.5,1127.4799999999996
WH_1649,Q4_2023,1713.33,1326.5,386.8299999999999
WH_1652,Q4_2023,4401.6,4047.5,354.10000000000036
WH_1653,Q4_2023,22643.74,21504.0,1139.7400000000016
WH_1655,Q4_2023,500.79,459.0,41.79000000000002
WH_1656,Q4_2023,7378.83,6716.0,662.8299999999999
WH_1657,Q4_2023,7455.3,6050.5,1404.8000000000002
WH_1658,Q4_2023,3097.34,2418.5,678.8400000000001
WH_1659,Q4_2023,8424.87,6569.0,1855.8700000000008
WH_1660,Q4_2023,1656.32,1287.5,368.81999999999994
WH_1661,Q4_2023,1157.14,921.0,236.1400000000001
WH_1662,Q4_2023,1118.96,1012.5,106.46000000000004
WH_1663,Q4_2023,11284.41,11047.0,237.40999999999985
WH_1664,Q4_2023,4337.41,4055.5,281.90999999999985
WH_1665,Q4_2023,11218.89,9112.5,2106.3899999999994
WH_1666,Q4_2023,6751.82,5859.5,892.3199999999997
WH_1667,Q4_2023,599.04,582.5,16.539999999999964
WH_1668,Q4_2023,6996.06,6291.0,705.0600000000004
WH_1670,Q4_2023,7032.0,5419.5,1612.5
WH_1672,Q4_2023,12921.96,12618.5,303.4599999999991
WH_1673,Q4_2023,18174.6,16241.5,1933.0999999999985
WH_1674,Q4_2023,951.68,816.5,135.17999999999995
WH_1675,Q4_2023,3502.63,2703.5,799.1300000000001
WH_1676,Q4_2023,3661.93,3434.0,227.92999999999984
WH_1677,Q4_2023,8824.68,6879.5,1945.1800000000003
WH_1678,Q4_2023,9801.2,9003.5,797.7000000000007
WH_1679,Q4_2023,1109.4,988.5,120.90000000000009
WH_1680,Q4_2023,12112.86,10800.0,1312.8600000000006
WH_1681,Q4_2023,1400.13,1117.5,282.6300000000001
WH_1682,Q4_2023,2181.89,1886.0,295.8899999999999
WH_1683,Q4_2023,3686.88,3212.5,474.3800000000001
WH_1684,Q4_2023,3391.91,3163.0,228.90999999999985
WH_1685,Q4_2023,1467.14,1320.0,147.1400000000001
WH_1686,Q4_2023,362.07,302.0,60.06999999999999
WH_1687,Q4_2023,4005.15,3342.0,663.1500000000001
WH_1688,Q4_2023,1713.81,1352.0,361.80999999999995
WH_1690,Q4_2023,4498.9,4106.0,392.89999999999964
WH_1691,Q4_2023,1662.48,1655.0,7.480000000000018
WH_1692,Q4_2023,313.99,250.0,63.99000000000001
WH_1693,Q4_2023,6446.64,5132.5,1314.1400000000003
WH_1694,Q4_2023,10846.96,9912.5,934.4599999999991
WH_1699,Q4_2023,1715.08,1366.5,348.5799999999999
WH_1700,Q4_2023,640.51,636.5,4.009999999999991
WH_1701,Q4_2023,4241.18,4125.0,116.18000000000029
WH_1702,Q4_2023,324.07,250.0,74.07
WH_1703,Q4_2023,1445.5,1216.0,229.5
WH_1704,Q4_2023,19765.42,18551.0,1214.4199999999983
WH_1705,Q4_2023,14963.78,12432.5,2531.2800000000007
WH_1706,Q4_2023,279.56,250.0,29.560000000000002
WH_1707,Q4_2023,2992.49,2780.0,212.48999999999978
WH_1708,Q4_2023,8173.2,6442.5,1730.6999999999998
WH_1709,Q4_2023,295.8,253.5,42.30000000000001
WH_1710,Q4_2023,1697.83,1525.5,172.32999999999993
WH_1711,Q4_2023,1063.75,884.5,179.25
WH_1713,Q4_2023,1488.74,1306.5,182.24
WH_1716,Q4_2023,721.27,597.0,124.26999999999998
WH_1717,Q4_2023,9404.56,7465.5,1939.0599999999995
WH_1718,Q4_2023,5912.31,5399.0,513.3100000000004
WH_1720,Q4_2023,1182.32,1171.5,10.819999999999936
WH_1721,Q4_2023,6920.28,5610.5,1309.7799999999997
WH_1722,Q4_2023,10275.99,10174.5,101.48999999999978
WH_1723,Q4_2023,1314.71,1193.5,121.21000000000004
WH_1724,Q4_2023,1446.67,1284.0,162.67000000000007
WH_1725,Q4_2023,490.18,486.5,3.680000000000007
WH_1727,Q4_2023,23057.58,19003.0,4054.5800000000017
WH_1728,Q4_2023,13188.68,13177.0,11.680000000000291
WH_1729,Q4_2023,875.61,708.5,167.11
WH_1730,Q4_2023,5812.46,5423.0,389.46000000000004
WH_1733,Q4_2023,17588.06,15144.5,2443.5600000000013
WH_1735,Q4_2023,2177.73,1972.0,205.73000000000002
WH_1736,Q4_2023,11146.29,9188.0,1958.2900000000009
WH_1737,Q4_2023,2913.76,2714.0,199.76000000000022
WH_1738,Q4_2023,6092.58,6009.0,83.57999999999993
WH_1740,Q4_2023,10349.53,8373.5,1976.0300000000007
WH_1742,Q4_2023,1438.55,1124.0,314.54999999999995
WH_1744,Q4_2023,576.81,468.0,108.80999999999995
WH_1745,Q4_2023,808.05,696.0,112.04999999999995
WH_1746,Q4_2023,2391.95,2073.0,318.9499999999998
WH_1747,Q4_2023,6641.05,5281.5,1359.5500000000002
WH_1748,Q4_2023,486.32,397.0,89.32
WH_1749,Q4_2023,581.89,555.0,26.889999999999986
WH_1751,Q4_2023,1048.11,879.5,168.6099999999999
WH_1752,Q4_2023,3038.22,2496.0,542.2199999999998
WH_1753,Q4_2023,14387.53,11583.5,2804.0300000000007
WH_1755,Q4_2023,873.7,692.5,181.20000000000005
WH_1756,Q4_2023,8765.43,7706.5,1058.9300000000003
WH_1757,Q4_2023,13689.63,10674.5,3015.129999999999
WH_1758,Q4_2023,426.31,331.0,95.31
WH_1759,Q4_2023,1545.86,1361.5,184.3599999999999
WH_1760,Q4_2023,4682.25,4003.0,679.25
WH_1761,Q4_2023,2630.75,2277.0,353.75
WH_1762,Q4_2023,9383.59,8651.5,732.0900000000001
WH_1763,Q4_2023,844.59,701.0,143.59000000000003
WH_1764,Q4_2023,7395.51,6022.5,1373.0100000000002
WH_1765,Q4_2023,9624.45,9064.5,559.9500000000007
WH_1766,Q4_2023,940.11,741.5,198.61
WH_1768,Q4_2023,272.44,250.0,22.439999999999998
WH_1769,Q4_2023,543.06,487.5,55.559999999999945
WH_1770,Q4_2023,9249.57,8387.5,862.0699999999997
WH_1771,Q4_2023,10880.55,9975.5,905.0499999999993
WH_1772,Q4_2023,295.74,250.0,45.74000000000001
WH_1773,Q4_2023,1272.45,1265.5,6.9500000000000455
WH_1774,Q4_2023,4345.9,3889.5,456.39999999999964
WH_1775,Q4_2023,4773.03,4016.5,756.5299999999997
WH_1776,Q4_2023,4968.05,4262.5,705.5500000000002
WH_1777,Q4_2023,2428.59,1901.0,527.5900000000001
WH_1778,Q4_2023,3638.69,3202.0,436.69000000000005
WH_1779,Q4_2023,8061.37,7224.5,836.8699999999999
WH_1780,Q4_2023,23174.25,20469.0,2705.25
WH_1781,Q4_2023,1664.08,1331.0,333.0799999999999
WH_1782,Q4_2023,1666.29,1662.0,4.289999999999964
WH_1783,Q4_2023,1973.65,1673.0,300.6500000000001
WH_1785,Q4_2023,4315.86,3642.0,673.8599999999997
WH_1787,Q4_2023,3070.02,2947.0,123.01999999999998
WH_1788,Q4_2023,6487.31,5740.5,746.8100000000004
WH_1790,Q4_2023,1389.81,1255.5,134.30999999999995
WH_1791,Q4_2023,7517.98,6121.0,1396.9799999999996
WH_1792,Q4_2023,18972.97,16134.0,2838.970000000001
WH_1793,Q4_2023,2113.27,1989.5,123.76999999999998
WH_1795,Q4_2023,9487.14,8260.0,1227.1399999999994
WH_1796,Q4_2023,1388.78,1098.0,290.78
WH_1798,Q4_2023,546.38,438.5,107.88
WH_1799,Q4_2023,376.36,308.0,68.36000000000001
WH_1800,Q4_2023,3236.18,2597.0,639.1799999999998
WH_1801,Q4_2023,526.14,505.0,21.139999999999986
WH_1802,Q4_2023,15681.87,12345.5,3336.370000000001
WH_1803,Q4_2023,892.45,785.0,107.45000000000005
WH_1804,Q4_2023,2959.22,2602.5,356.7199999999998
WH_1805,Q4_2023,11991.8,11081.5,910.2999999999993
WH_1809,Q4_2023,2277.77,2166.5,111.26999999999998
WH_1810,Q4_2023,2232.41,1893.5,338.90999999999985
WH_1813,Q4_2023,3277.28,2728.0,549.2800000000002
WH_1814,Q4_2023,5087.59,3962.0,1125.5900000000001
WH_1815,Q4_2023,4265.22,4219.5,45.720000000000255
WH_1816,Q4_2023,268.41,250.0,18.410000000000025
WH_1817,Q4_2023,1050.12,979.0,71.11999999999989
WH_1818,Q4_2023,689.93,572.0,117.92999999999995
WH_1819,Q4_2023,3436.8,2892.5,544.3000000000002
WH_1820,Q4_2023,3059.83,2587.5,472.3299999999999
WH_1823,Q4_2023,4518.87,3688.0,830.8699999999999
WH_1824,Q4_2023,503.52,423.5,80.01999999999998
WH_1825,Q4_2023,1838.5,1550.5,288.0
WH_1827,Q4_2023,15305.53,13043.0,2262.5300000000007
WH_1828,Q4_2023,833.78,703.5,130.27999999999997
WH_1829,Q4_2023,1540.63,1319.0,221.6300000000001
WH_1830,Q4_2023,5460.87,4568.0,892.8699999999999
WH_1831,Q4_2023,3593.9,2795.0,798.9000000000001
WH_1832,Q4_2023,2428.2,2232.5,195.69999999999982
WH_1833,Q4_2023,24172.7,23694.0,478.7000000000007
WH_1834,Q4_2023,1057.38,901.0,156.3800000000001
WH_1835,Q4_2023,4419.25,4227.5,191.75
WH_1836,Q4_2023,6884.03,5678.5,1205.5299999999997
WH_1837,Q4_2023,4664.39,4254.0,410.3900000000003
WH_1838,Q4_2023,5004.15,4995.0,9.149999999999636
WH_1839,Q4_2023,340.89,302.0,38.889999999999986
WH_1841,Q4_2023,1955.22,1746.0,209.22000000000003
WH_1842,Q4_2023,2141.37,1802.5,338.8699999999999
WH_1843,Q4_2023,3753.58,3502.0,251.57999999999993
WH_1845,Q4_2023,319.16,250.0,69.16000000000003
WH_1846,Q4_2023,2157.28,1863.0,294.2800000000002
WH_1847,Q4_2023,3694.17,3196.0,498.1700000000001
WH_1848,Q4_2023,6127.91,5585.0,542.9099999999999
WH_1850,Q4_2023,3953.91,3392.0,561.9099999999999
WH_1851,Q4_2023,1280.34,1200.5,79.83999999999992
WH_1852,Q4_2023,2945.34,2561.0,384.34000000000015
WH_1853,Q4_2023,2234.99,1850.5,384.4899999999998
WH_1854,Q4_2023,7764.81,6578.0,1186.8100000000004
WH_1856,Q4_2023,1460.64,1208.5,252.1400000000001
WH_1857,Q4_2023,529.89,409.5,120.38999999999999
WH_1858,Q4_2023,1451.07,1277.5,173.56999999999994
WH_1859,Q4_2023,1006.32,813.5,192.82000000000005
WH_1860,Q4_2023,1792.91,1397.5,395.4100000000001
WH_1861,Q4_2023,585.81,468.0,117.80999999999995
WH_1862,Q4_2023,1476.85,1319.5,157.3499999999999
WH_1864,Q4_2023,344.48,285.5,58.98000000000002
WH_1865,Q4_2023,1166.86,1117.0,49.8599999999999
WH_1866,Q4_2023,1688.41,1545.5,142.91000000000008
WH_1867,Q4_2023,4178.84,3787.0,391.84000000000015
WH_1869,Q4_2023,1090.22,921.5,168.72000000000003
WH_1870,Q4_2023,13279.45,13066.5,212.95000000000073
WH_1871,Q4_2023,508.65,416.5,92.14999999999998
WH_1872,Q4_2023,948.41,903.0,45.40999999999997
WH_1874,Q4_2023,499.87,396.5,103.37
WH_1875,Q4_2023,373.62,373.0,0.6200000000000045
WH_1876,Q4_2023,11094.81,9109.0,1985.8099999999995
WH_1879,Q4_2023,18900.05,18260.0,640.0499999999993
WH_1880,Q4_2023,2748.67,2214.5,534.1700000000001
WH_1882,Q4_2023,317.44,259.5,57.94
WH_1883,Q4_2023,11872.88,11043.5,829.3799999999992
WH_1884,Q4_2023,3048.93,2711.5,337.42999999999984
WH_1885,Q4_2023,5735.69,5506.5,229.1899999999996
WH_1886,Q4_2023,4523.01,3987.0,536.0100000000002
WH_1887,Q4_2023,2854.01,2780.5,73.51000000000022
WH_1888,Q4_2023,4757.9,4175.5,582.3999999999996
WH_1889,Q4_2023,11026.33,10941.5,84.82999999999993
WH_1890,Q4_2023,7194.64,6201.5,993.1400000000003
WH_1892,Q4_2023,11325.46,9956.0,1369.4599999999991
WH_1893,Q4_2023,3276.81,2895.0,381.80999999999995
WH_1894,Q4_2023,7205.92,6492.5,713.4200000000001
WH_1895,Q4_2023,2629.34,2120.0,509.34000000000015
WH_1896,Q4_2023,29289.14,28895.5,393.6399999999994
WH_1897,Q4_2023,3259.5,2562.5,697.0
WH_1899,Q4_2023,4152.01,3686.5,465.5100000000002
WH_1900,Q4_2023,2672.15,2459.5,212.6500000000001
WH_1901,Q4_2023,4273.15,4201.5,71.64999999999964
WH_1902,Q4_2023,5470.4,5190.5,279.89999999999964
WH_1903,Q4_2023,918.46,741.5,176.96000000000004
WH_1906,Q4_2023,1599.68,1531.5,68.18000000000006
WH_1907,Q4_2023,930.16,741.5,188.65999999999997
WH_1909,Q4_2023,4537.32,4308.5,228.8199999999997
WH_1911,Q4_2023,2440.14,1900.5,539.6399999999999
WH_1913,Q4_2023,2861.62,2290.0,571.6199999999999
WH_1915,Q4_2023,33996.78,33561.5,435.27999999999884
WH_1916,Q4_2023,8008.11,7813.0,195.10999999999967
WH_1917,Q4_2023,51776.0,48897.0,2879.0
WH_1920,Q4_2023,1819.76,1476.0,343.76
WH_1921,Q4_2023,464.54,443.5,21.04000000000002
WH_1922,Q4_2023,327.71,321.5,6.2099999999999795
