hub_id,fixed_cost_usd_per_year,capacity_tons
WH_0001,1514000,757.0
WH_0002,2392000,1196.0
WH_0003,5632000,2816.0
WH_0004,1113000,556.5
WH_0005,4096000,2048.0
WH_0006,2328000,1164.0
WH_0007,2423000,1211.5
WH_0008,2140000,1070.0
WH_0009,13036000,6518.0
WH_0010,2509000,1254.5
WH_0011,4793000,2396.5
WH_0012,2417000,1208.5
WH_0013,3785000,1892.5
WH_0014,13046000,6523.0
WH_0015,11141000,5570.5
WH_0016,4204000,2102.0
WH_0017,1841000,920.5
WH_0018,1145000,572.5
WH_0019,10394000,5197.0
WH_0020,1675000,837.5
WH_0021,15838000,7919.0
WH_0022,3342000,1671.0
WH_0023,1832000,916.0
WH_0024,2675000,1337.5
WH_0025,865000,432.5
WH_0026,3804000,1902.0
WH_0027,13755000,6877.5
WH_0028,1476000,738.0
WH_0029,7239000,3619.5
WH_0030,30924000,15462.0
WH_0031,11251000,5625.5
WH_0032,4990000,2495.0
WH_0033,5061000,2530.5
WH_0034,15539000,7769.5
WH_0035,14000000,7000.0
WH_0036,1863000,931.5
WH_0037,500000,250.0
WH_0038,5887000,2943.5
WH_0039,15375000,7687.5
WH_0040,8869000,4434.5
WH_0041,20238000,10119.0
WH_0042,24950000,12475.0
WH_0043,725000,362.5
WH_0044,5200000,2600.0
WH_0045,1365000,682.5
WH_0046,9112000,4556.0
WH_0047,780000,390.0
WH_0048,2002000,1001.0
WH_0049,20235000,10117.5
WH_0050,40393000,20196.5
WH_0051,10662000,5331.0
WH_0052,11195000,5597.5
WH_0053,1188000,594.0
WH_0054,11627000,5813.5
WH_0055,34695000,17347.5
WH_0056,4598000,2299.0
WH_0057,500000,250.0
WH_0058,10978000,5489.0
WH_0059,2653000,1326.5
WH_0060,15462000,7731.0
WH_0061,2601000,1300.5
WH_0062,1419000,709.5
WH_0063,51931000,25965.5
WH_0064,6354000,3177.0
WH_0065,10270000,5135.0
WH_0066,2463000,1231.5
WH_0067,798000,399.0
WH_0068,3645000,1822.5
WH_0069,197730000,98865.0
WH_0070,1561000,780.5
WH_0071,1983000,991.5
WH_0072,1342000,671.0
WH_0073,4868000,2434.0
WH_0074,1748000,874.0
WH_0075,1416000,708.0
WH_0076,935000,467.5
WH_0077,918000,459.0
WH_0078,2739000,1369.5
WH_0079,5209000,2604.5
WH_0080,4627000,2313.5
WH_0081,2460000,1230.0
WH_0082,1521000,760.5
WH_0083,663000,331.5
WH_0084,9747000,4873.5
WH_0085,697000,348.5
WH_0086,1660000,830.0
WH_0087,4540000,2270.0
WH_0088,5202000,2601.0
WH_0089,16441000,8220.5
WH_0090,1267000,633.5
WH_0091,500000,250.0
WH_0092,3852000,1926.0
WH_0093,5453000,2726.5
WH_0094,6670000,3335.0
WH_0095,2738000,1369.0
WH_0096,2966000,1483.0
WH_0097,13980000,6990.0
WH_0098,3012000,1506.0
WH_0099,521000,260.5
WH_0100,36744000,18372.0
WH_0101,13297000,6648.5
WH_0102,12395000,6197.5
WH_0103,7378000,3689.0
WH_0104,74969000,37484.5
WH_0105,2832000,1416.0
WH_0106,1759000,879.5
WH_0107,8732000,4366.0
WH_0108,2665000,1332.5
WH_0109,2884000,1442.0
WH_0110,1625000,812.5
WH_0111,8072000,4036.0
WH_0112,1104000,552.0
WH_0113,10778000,5389.0
WH_0114,1273000,636.5
WH_0115,5604000,2802.0
WH_0116,6430000,3215.0
WH_0117,47025000,23512.5
WH_0118,2661000,1330.5
WH_0119,5255000,2627.5
WH_0120,30806000,15403.0
WH_0121,1459000,729.5
WH_0122,5367000,2683.5
WH_0123,3285000,1642.5
WH_0124,809000,404.5
WH_0125,500000,250.0
WH_0126,11333000,5666.5
WH_0127,3559000,1779.5
WH_0128,5277000,2638.5
WH_0129,6234000,3117.0
WH_0130,2550000,1275.0
WH_0131,2089000,1044.5
WH_0132,29875000,14937.5
WH_0133,21923000,10961.5
WH_0134,3147000,1573.5
WH_0135,1296000,648.0
WH_0136,22604000,11302.0
WH_0137,2619000,1309.5
WH_0138,11563000,5781.5
WH_0139,11535000,5767.5
WH_0140,19756000,9878.0
WH_0141,10014000,5007.0
WH_0142,1095000,547.5
WH_0143,2625000,1312.5
WH_0144,907000,453.5
WH_0145,1057000,528.5
WH_0146,37637000,18818.5
WH_0147,2556000,1278.0
WH_0148,18471000,9235.5
WH_0149,3177000,1588.5
WH_0150,631000,315.5
WH_0151,6033000,3016.5
WH_0152,7458000,3729.0
WH_0153,6217000,3108.5
WH_0154,637000,318.5
WH_0155,6682000,3341.0
WH_0156,16601000,8300.5
WH_0157,2322000,1161.0
WH_0158,2057000,1028.5
WH_0159,2359000,1179.5
WH_0160,971000,485.5
WH_0161,1573000,786.5
WH_0162,6135000,3067.5
WH_0163,2463000,1231.5
WH_0164,4380000,2190.0
WH_0165,4713000,2356.5
WH_0166,43258000,21629.0
WH_0167,10497000,5248.5
WH_0168,747000,373.5
WH_0169,4495000,2247.5
WH_0170,990000,495.0
WH_0171,9621000,4810.5
WH_0172,8527000,4263.5
WH_0173,8230000,4115.0
WH_0174,1062000,531.0
WH_0175,4687000,2343.5
WH_0176,5093000,2546.5
WH_0177,5516000,2758.0
WH_0178,3391000,1695.5
WH_0179,22179000,11089.5
WH_0180,2900000,1450.0
WH_0181,16953000,8476.5
WH_0182,14293000,7146.5
WH_0183,2642000,1321.0
WH_0184,3180000,1590.0
WH_0185,32712000,16356.0
WH_0186,3505000,1752.5
WH_0187,1473000,736.5
WH_0188,6510000,3255.0
WH_0189,16013000,8006.5
WH_0190,11046000,5523.0
WH_0191,6001000,3000.5
WH_0192,93560000,46780.0
WH_0193,2327000,1163.5
WH_0194,20472000,10236.0
WH_0195,1810000,905.0
WH_0196,10504000,5252.0
WH_0197,31477000,15738.5
WH_0198,3086000,1543.0
WH_0199,10832000,5416.0
WH_0200,1886000,943.0
WH_0201,4723000,2361.5
WH_0202,6429000,3214.5
WH_0203,101958000,50979.0
WH_0204,17206000,8603.0
WH_0205,9904000,4952.0
WH_0206,18591000,9295.5
WH_0207,17677000,8838.5
WH_0208,10705000,5352.5
WH_0209,20906000,10453.0
WH_0210,3066000,1533.0
WH_0211,6182000,3091.0
WH_0212,12034000,6017.0
WH_0213,3397000,1698.5
WH_0214,32629000,16314.5
WH_0215,10193000,5096.5
WH_0216,6204000,3102.0
WH_0217,5765000,2882.5
WH_0218,790000,395.0
WH_0219,32165000,16082.5
WH_0220,46976000,23488.0
WH_0221,8333000,4166.5
WH_0222,11499000,5749.5
WH_0223,1057000,528.5
WH_0224,4363000,2181.5
WH_0225,788000,394.0
WH_0226,6581000,3290.5
WH_0227,1095000,547.5
WH_0228,18784000,9392.0
WH_0229,9737000,4868.5
WH_0230,24221000,12110.5
WH_0231,4413000,2206.5
WH_0232,42665000,21332.5
WH_0233,5731000,2865.5
WH_0234,2246000,1123.0
WH_0235,2856000,1428.0
WH_0236,12240000,6120.0
WH_0237,1540000,770.0
WH_0238,1224000,612.0
WH_0239,3770000,1885.0
WH_0240,500000,250.0
WH_0241,1477000,738.5
WH_0242,10604000,5302.0
WH_0243,26350000,13175.0
WH_0244,2261000,1130.5
WH_0245,14389000,7194.5
WH_0246,2586000,1293.0
WH_0247,59297000,29648.5
WH_0248,6232000,3116.0
WH_0249,3346000,1673.0
WH_0250,2469000,1234.5
WH_0251,39068000,19534.0
WH_0252,5676000,2838.0
WH_0253,3609000,1804.5
WH_0254,10685000,5342.5
WH_0255,1129000,564.5
WH_0256,17266000,8633.0
WH_0257,17933000,8966.5
WH_0258,14191000,7095.5
WH_0259,28907000,14453.5
WH_0260,7903000,3951.5
WH_0261,2539000,1269.5
WH_0262,20076000,10038.0
WH_0263,12407000,6203.5
WH_0264,609000,304.5
WH_0265,1039000,519.5
WH_0266,7449000,3724.5
WH_0267,5389000,2694.5
WH_0268,2718000,1359.0
WH_0269,29760000,14880.0
WH_0270,3232000,1616.0
WH_0271,7772000,3886.0
WH_0272,6546000,3273.0
WH_0273,4510000,2255.0
WH_0274,5231000,2615.5
WH_0275,5401000,2700.5
WH_0276,7449000,3724.5
WH_0277,60237000,30118.5
WH_0278,1411000,705.5
WH_0279,2325000,1162.5
WH_0280,6380000,3190.0
WH_0281,5887000,2943.5
WH_0282,4586000,2293.0
WH_0283,18520000,9260.0
WH_0284,1247000,623.5
WH_0285,7067000,3533.5
WH_0286,7292000,3646.0
WH_0287,34080000,17040.0
WH_0288,15629000,7814.5
WH_0289,10066000,5033.0
WH_0290,25613000,12806.5
WH_0291,3993000,1996.5
WH_0292,873000,436.5
WH_0293,1496000,748.0
WH_0294,1005000,502.5
WH_0295,2152000,1076.0
WH_0296,3328000,1664.0
WH_0297,928000,464.0
WH_0298,91831000,45915.5
WH_0299,10034000,5017.0
WH_0300,6887000,3443.5
WH_0301,1989000,994.5
WH_0302,4368000,2184.0
WH_0303,6099000,3049.5
WH_0304,747000,373.5
WH_0305,1512000,756.0
WH_0306,1538000,769.0
WH_0307,2388000,1194.0
WH_0308,8338000,4169.0
WH_0309,6430000,3215.0
WH_0310,2936000,1468.0
WH_0311,5212000,2606.0
WH_0312,2218000,1109.0
WH_0313,1105000,552.5
WH_0314,14385000,7192.5
WH_0315,2190000,1095.0
WH_0316,64484000,32242.0
WH_0317,10515000,5257.5
WH_0318,4206000,2103.0
WH_0319,15625000,7812.5
WH_0320,950000,475.0
WH_0321,1874000,937.0
WH_0322,2529000,1264.5
WH_0323,3118000,1559.0
WH_0324,1454000,727.0
WH_0325,5120000,2560.0
WH_0326,760000,380.0
WH_0327,500000,250.0
WH_0328,1151000,575.5
WH_0329,2109000,1054.5
WH_0330,5384000,2692.0
WH_0331,6022000,3011.0
WH_0332,1661000,830.5
WH_0333,18207000,9103.5
WH_0334,3362000,1681.0
WH_0335,79475000,39737.5
WH_0336,3392000,1696.0
WH_0337,11496000,5748.0
WH_0338,995000,497.5
WH_0339,1308000,654.0
WH_0340,97890000,48945.0
WH_0341,5422000,2711.0
WH_0342,3469000,1734.5
WH_0343,2205000,1102.5
WH_0344,1984000,992.0
WH_0345,5084000,2542.0
WH_0346,8687000,4343.5
WH_0347,26062000,13031.0
WH_0348,1018000,509.0
WH_0349,2365000,1182.5
WH_0350,9280000,4640.0
WH_0351,5310000,2655.0
WH_0352,4134000,2067.0
WH_0353,30850000,15425.0
WH_0354,29404000,14702.0
WH_0355,2354000,1177.0
WH_0356,6030000,3015.0
WH_0357,8303000,4151.5
WH_0358,827000,413.5
WH_0359,953000,476.5
WH_0360,565000,282.5
WH_0361,2461000,1230.5
WH_0362,7865000,3932.5
WH_0363,4825000,2412.5
WH_0364,1529000,764.5
WH_0365,4756000,2378.0
WH_0366,1700000,850.0
WH_0367,947000,473.5
WH_0368,3823000,1911.5
WH_0369,2376000,1188.0
WH_0370,2737000,1368.5
WH_0371,11974000,5987.0
WH_0372,32010000,16005.0
WH_0373,8535000,4267.5
WH_0374,5790000,2895.0
WH_0375,976000,488.0
WH_0376,2234000,1117.0
WH_0377,20391000,10195.5
WH_0378,1982000,991.0
WH_0379,3337000,1668.5
WH_0380,9580000,4790.0
WH_0381,2271000,1135.5
WH_0382,6784000,3392.0
WH_0383,9376000,4688.0
WH_0384,1795000,897.5
WH_0385,57957000,28978.5
WH_0386,3526000,1763.0
WH_0387,13802000,6901.0
WH_0388,6899000,3449.5
WH_0389,8859000,4429.5
WH_0390,20094000,10047.0
WH_0391,7940000,3970.0
WH_0392,9933000,4966.5
WH_0393,7120000,3560.0
WH_0394,111527000,55763.5
WH_0395,12137000,6068.5
WH_0396,11024000,5512.0
WH_0397,3824000,1912.0
WH_0398,9960000,4980.0
WH_0399,1170000,585.0
WH_0400,2364000,1182.0
WH_0401,1916000,958.0
WH_0402,8131000,4065.5
WH_0403,11694000,5847.0
WH_0404,3043000,1521.5
WH_0405,896000,448.0
WH_0406,22362000,11181.0
WH_0407,2497000,1248.5
WH_0408,54574000,27287.0
WH_0409,16796000,8398.0
WH_0410,2537000,1268.5
WH_0411,4007000,2003.5
WH_0412,15465000,7732.5
WH_0413,1249000,624.5
WH_0414,523000,261.5
WH_0415,30216000,15108.0
WH_0416,45475000,22737.5
WH_0417,3745000,1872.5
WH_0418,18151000,9075.5
WH_0419,2734000,1367.0
WH_0420,589000,294.5
WH_0421,2809000,1404.5
WH_0422,2593000,1296.5
WH_0423,4755000,2377.5
WH_0424,2840000,1420.0
WH_0425,1483000,741.5
WH_0426,21425000,10712.5
WH_0427,1714000,857.0
WH_0428,7638000,3819.0
WH_0429,29473000,14736.5
WH_0430,2005000,1002.5
WH_0431,11899000,5949.5
WH_0432,9128000,4564.0
WH_0433,12748000,6374.0
WH_0434,965000,482.5
WH_0435,708000,354.0
WH_0436,1859000,929.5
WH_0437,1452000,726.0
WH_0438,11291000,5645.5
WH_0439,1821000,910.5
WH_0440,500000,250.0
WH_0441,500000,250.0
WH_0442,58046000,29023.0
WH_0443,3946000,1973.0
WH_0444,1884000,942.0
WH_0445,5694000,2847.0
WH_0446,3631000,1815.5
WH_0447,14182000,7091.0
WH_0448,226779000,113389.5
WH_0449,2946000,1473.0
WH_0450,875000,437.5
WH_0451,46535000,23267.5
WH_0452,22862000,11431.0
WH_0453,8793000,4396.5
WH_0454,16915000,8457.5
WH_0455,1562000,781.0
WH_0456,1365000,682.5
WH_0457,4467000,2233.5
WH_0458,8217000,4108.5
WH_0459,20432000,10216.0
WH_0460,7266000,3633.0
WH_0461,7377000,3688.5
WH_0462,23888000,11944.0
WH_0463,23874000,11937.0
WH_0464,2370000,1185.0
WH_0465,1482000,741.0
WH_0466,9472000,4736.0
WH_0467,3071000,1535.5
WH_0468,3338000,1669.0
WH_0469,16285000,8142.5
WH_0470,4774000,2387.0
WH_0471,1194000,597.0
WH_0472,6257000,3128.5
WH_0473,9937000,4968.5
WH_0474,977000,488.5
WH_0475,1480000,740.0
WH_0476,6097000,3048.5
WH_0477,10527000,5263.5
WH_0478,3679000,1839.5
WH_0479,4192000,2096.0
WH_0480,4254000,2127.0
WH_0481,2585000,1292.5
WH_0482,6177000,3088.5
WH_0483,9097000,4548.5
WH_0484,10285000,5142.5
WH_0485,2583000,1291.5
WH_0486,44615000,22307.5
WH_0487,4802000,2401.0
WH_0488,707000,353.5
WH_0489,15373000,7686.5
WH_0490,4013000,2006.5
WH_0491,1615000,807.5
WH_0492,8967000,4483.5
WH_0493,500000,250.0
WH_0494,546000,273.0
WH_0495,4167000,2083.5
WH_0496,23811000,11905.5
WH_0497,5380000,2690.0
WH_0498,1787000,893.5
WH_0499,5698000,2849.0
WH_0500,37574000,18787.0
WH_0501,2016000,1008.0
WH_0502,4701000,2350.5
WH_0503,909000,454.5
WH_0504,12235000,6117.5
WH_0505,3391000,1695.5
WH_0506,24552000,12276.0
WH_0507,4056000,2028.0
WH_0508,1993000,996.5
WH_0509,17876000,8938.0
WH_0510,4570000,2285.0
WH_0511,565000,282.5
WH_0512,9050000,4525.0
WH_0513,2753000,1376.5
WH_0514,14418000,7209.0
WH_0515,500000,250.0
WH_0516,1503000,751.5
WH_0517,3752000,1876.0
WH_0518,8353000,4176.5
WH_0519,4366000,2183.0
WH_0520,6502000,3251.0
WH_0521,2357000,1178.5
WH_0522,5599000,2799.5
WH_0523,4212000,2106.0
WH_0524,5494000,2747.0
WH_0525,22446000,11223.0
WH_0526,8206000,4103.0
WH_0527,1173000,586.5
WH_0528,2198000,1099.0
WH_0529,6950000,3475.0
WH_0530,13003000,6501.5
WH_0531,23511000,11755.5
WH_0532,18997000,9498.5
WH_0533,1304000,652.0
WH_0534,12526000,6263.0
WH_0535,2503000,1251.5
WH_0536,1869000,934.5
WH_0537,1117000,558.5
WH_0538,6879000,3439.5
WH_0539,2783000,1391.5
WH_0540,4953000,2476.5
WH_0541,4420000,2210.0
WH_0542,33469000,16734.5
WH_0543,11343000,5671.5
WH_0544,7658000,3829.0
WH_0545,746000,373.0
WH_0546,5834000,2917.0
WH_0547,10569000,5284.5
WH_0548,2563000,1281.5
WH_0549,4017000,2008.5
WH_0550,12058000,6029.0
WH_0551,59213000,29606.5
WH_0552,3487000,1743.5
WH_0553,1124000,562.0
WH_0554,4328000,2164.0
WH_0555,6664000,3332.0
WH_0556,5528000,2764.0
WH_0557,6788000,3394.0
WH_0558,3154000,1577.0
WH_0559,18982000,9491.0
WH_0560,22344000,11172.0
WH_0561,2405000,1202.5
WH_0562,212203000,106101.5
WH_0563,4601000,2300.5
WH_0564,10660000,5330.0
WH_0565,3878000,1939.0
WH_0566,19159000,9579.5
WH_0567,10798000,5399.0
WH_0568,3083000,1541.5
WH_0569,1944000,972.0
WH_0570,939000,469.5
WH_0571,15425000,7712.5
WH_0572,9131000,4565.5
WH_0573,12842000,6421.0
WH_0574,11498000,5749.0
WH_0575,4761000,2380.5
WH_0576,2010000,1005.0
WH_0577,1899000,949.5
WH_0578,6348000,3174.0
WH_0579,10841000,5420.5
WH_0580,1968000,984.0
WH_0581,13298000,6649.0
WH_0582,500000,250.0
WH_0583,5281000,2640.5
WH_0584,1022000,511.0
WH_0585,42643000,21321.5
WH_0586,2724000,1362.0
WH_0587,8705000,4352.5
WH_0588,134806000,67403.0
WH_0589,4766000,2383.0
WH_0590,3007000,1503.5
WH_0591,1832000,916.0
WH_0592,4860000,2430.0
WH_0593,13228000,6614.0
WH_0594,3414000,1707.0
WH_0595,2775000,1387.5
WH_0596,6200000,3100.0
WH_0597,7852000,3926.0
WH_0598,2442000,1221.0
WH_0599,27100000,13550.0
WH_0600,21663000,10831.5
WH_0601,2342000,1171.0
WH_0602,20841000,10420.5
WH_0603,4918000,2459.0
WH_0604,500000,250.0
WH_0605,2671000,1335.5
WH_0606,28084000,14042.0
WH_0607,10370000,5185.0
WH_0608,4488000,2244.0
WH_0609,762000,381.0
WH_0610,1665000,832.5
WH_0611,1179000,589.5
WH_0612,10573000,5286.5
WH_0613,2558000,1279.0
WH_0614,1476000,738.0
WH_0615,3736000,1868.0
WH_0616,3908000,1954.0
WH_0617,4802000,2401.0
WH_0618,9476000,4738.0
WH_0619,11596000,5798.0
WH_0620,5032000,2516.0
WH_0621,3214000,1607.0
WH_0622,31534000,15767.0
WH_0623,5989000,2994.5
WH_0624,6586000,3293.0
WH_0625,720000,360.0
WH_0626,684000,342.0
WH_0627,5040000,2520.0
WH_0628,2346000,1173.0
WH_0629,22879000,11439.5
WH_0630,6606000,3303.0
WH_0631,32750000,16375.0
WH_0632,1087000,543.5
WH_0633,16071000,8035.5
WH_0634,5896000,2948.0
WH_0635,714000,357.0
WH_0636,4955000,2477.5
WH_0637,3958000,1979.0
WH_0638,30950000,15475.0
WH_0639,2936000,1468.0
WH_0640,8558000,4279.0
WH_0641,6171000,3085.5
WH_0642,5029000,2514.5
WH_0643,42840000,21420.0
WH_0644,1041000,520.5
WH_0645,29171000,14585.5
WH_0646,4911000,2455.5
WH_0647,14169000,7084.5
WH_0648,6762000,3381.0
WH_0649,61063000,30531.5
WH_0650,2260000,1130.0
WH_0651,2255000,1127.5
WH_0652,2391000,1195.5
WH_0653,2161000,1080.5
WH_0654,14344000,7172.0
WH_0655,5000000,2500.0
WH_0656,11199000,5599.5
WH_0657,52666000,26333.0
WH_0658,5570000,2785.0
WH_0659,3917000,1958.5
WH_0660,30133000,15066.5
WH_0661,1093000,546.5
WH_0662,2966000,1483.0
WH_0663,8301000,4150.5
WH_0664,1359000,679.5
WH_0665,582000,291.0
WH_0666,4457000,2228.5
WH_0667,2185000,1092.5
WH_0668,1335000,667.5
WH_0669,10933000,5466.5
WH_0670,2180000,1090.0
WH_0671,2815000,1407.5
WH_0672,3634000,1817.0
WH_0673,39604000,19802.0
WH_0674,1863000,931.5
WH_0675,8120000,4060.0
WH_0676,809000,404.5
WH_0677,3100000,1550.0
WH_0678,205233000,102616.5
WH_0679,9334000,4667.0
WH_0680,42372000,21186.0
WH_0681,10928000,5464.0
WH_0682,2343000,1171.5
WH_0683,8328000,4164.0
WH_0684,36658000,18329.0
WH_0685,1326000,663.0
WH_0686,13615000,6807.5
WH_0687,795000,397.5
WH_0688,9801000,4900.5
WH_0689,4957000,2478.5
WH_0690,8145000,4072.5
WH_0691,500000,250.0
WH_0692,1745000,872.5
WH_0693,17534000,8767.0
WH_0694,954000,477.0
WH_0695,3155000,1577.5
WH_0696,8026000,4013.0
WH_0697,791000,395.5
WH_0698,30961000,15480.5
WH_0699,1287000,643.5
WH_0700,2545000,1272.5
WH_0701,18786000,9393.0
WH_0702,1001000,500.5
WH_0703,1546000,773.0
WH_0704,4636000,2318.0
WH_0705,3728000,1864.0
WH_0706,17023000,8511.5
WH_0707,816000,408.0
WH_0708,863000,431.5
WH_0709,6303000,3151.5
WH_0710,6077000,3038.5
WH_0711,36612000,18306.0
WH_0712,13302000,6651.0
WH_0713,13128000,6564.0
WH_0714,1634000,817.0
WH_0715,9526000,4763.0
WH_0716,1000000,500.0
WH_0717,3732000,1866.0
WH_0718,9110000,4555.0
WH_0719,18944000,9472.0
WH_0720,1446000,723.0
WH_0721,6441000,3220.5
WH_0722,13243000,6621.5
WH_0723,40115000,20057.5
WH_0724,11245000,5622.5
WH_0725,6996000,3498.0
WH_0726,2146000,1073.0
WH_0727,4534000,2267.0
WH_0728,29281000,14640.5
WH_0729,8952000,4476.0
WH_0730,11983000,5991.5
WH_0731,13947000,6973.5
WH_0732,5144000,2572.0
WH_0733,17811000,8905.5
WH_0734,937000,468.5
WH_0735,3726000,1863.0
WH_0736,11288000,5644.0
WH_0737,53692000,26846.0
WH_0738,13787000,6893.5
WH_0739,5067000,2533.5
WH_0740,2148000,1074.0
WH_0741,1088000,544.0
WH_0742,3513000,1756.5
WH_0743,9747000,4873.5
WH_0744,2357000,1178.5
WH_0745,169213000,84606.5
WH_0746,1005000,502.5
WH_0747,9496000,4748.0
WH_0748,7284000,3642.0
WH_0749,3730000,1865.0
WH_0750,176718000,88359.0
WH_0751,14856000,7428.0
WH_0752,10180000,5090.0
WH_0753,8676000,4338.0
WH_0754,1632000,816.0
WH_0755,15851000,7925.5
WH_0756,5250000,2625.0
WH_0757,3788000,1894.0
WH_0758,8263000,4131.5
WH_0759,16742000,8371.0
WH_0760,515000,257.5
WH_0761,1734000,867.0
WH_0762,4935000,2467.5
WH_0763,1456000,728.0
WH_0764,6677000,3338.5
WH_0765,1488000,744.0
WH_0766,3709000,1854.5
WH_0767,3430000,1715.0
WH_0768,1294000,647.0
WH_0769,6883000,3441.5
WH_0770,7840000,3920.0
WH_0771,18320000,9160.0
WH_0772,3852000,1926.0
WH_0773,21697000,10848.5
WH_0774,5269000,2634.5
WH_0775,2373000,1186.5
WH_0776,2724000,1362.0
WH_0777,2293000,1146.5
WH_0778,3939000,1969.5
WH_0779,14422000,7211.0
WH_0780,1255000,627.5
WH_0781,10082000,5041.0
WH_0782,5423000,2711.5
WH_0783,11446000,5723.0
WH_0784,26704000,13352.0
WH_0785,26477000,13238.5
WH_0786,2764000,1382.0
WH_0787,6228000,3114.0
WH_0788,17780000,8890.0
WH_0789,1424000,712.0
WH_0790,3783000,1891.5
WH_0791,1329000,664.5
WH_0792,910000,455.0
WH_0793,1654000,827.0
WH_0794,16928000,8464.0
WH_0795,1326000,663.0
WH_0796,9546000,4773.0
WH_0797,10064000,5032.0
WH_0798,953000,476.5
WH_0799,9535000,4767.5
WH_0800,9882000,4941.0
WH_0801,1465000,732.5
WH_0802,752000,376.0
WH_0803,11103000,5551.5
WH_0804,11828000,5914.0
WH_0805,8631000,4315.5
WH_0806,10249000,5124.5
WH_0807,4688000,2344.0
WH_0808,27382000,13691.0
WH_0809,10368000,5184.0
WH_0810,18200000,9100.0
WH_0811,6629000,3314.5
WH_0812,5058000,2529.0
WH_0813,1841000,920.5
WH_0814,917000,458.5
WH_0815,10411000,5205.5
WH_0816,5700000,2850.0
WH_0817,1379000,689.5
WH_0818,4937000,2468.5
WH_0819,2016000,1008.0
WH_0820,37124000,18562.0
WH_0821,53342000,26671.0
WH_0822,7412000,3706.0
WH_0823,8086000,4043.0
WH_0824,9602000,4801.0
WH_0825,6566000,3283.0
WH_0826,3845000,1922.5
WH_0827,2810000,1405.0
WH_0828,2858000,1429.0
WH_0829,1266000,633.0
WH_0830,1872000,936.0
WH_0831,6659000,3329.5
WH_0832,8482000,4241.0
WH_0833,3839000,1919.5
WH_0834,766000,383.0
WH_0835,3614000,1807.0
WH_0836,8737000,4368.5
WH_0837,1160000,580.0
WH_0838,3222000,1611.0
WH_0839,2843000,1421.5
WH_0840,2518000,1259.0
WH_0841,4733000,2366.5
WH_0842,576000,288.0
WH_0843,6128000,3064.0
WH_0844,1473000,736.5
WH_0845,4462000,2231.0
WH_0846,2542000,1271.0
WH_0847,39601000,19800.5
WH_0848,13056000,6528.0
WH_0849,7884000,3942.0
WH_0850,13551000,6775.5
WH_0851,4615000,2307.5
WH_0852,4562000,2281.0
WH_0853,636000,318.0
WH_0854,3538000,1769.0
WH_0855,48289000,24144.5
WH_0856,4061000,2030.5
WH_0857,28921000,14460.5
WH_0858,1317000,658.5
WH_0859,2370000,1185.0
WH_0860,13360000,6680.0
WH_0861,21196000,10598.0
WH_0862,3727000,1863.5
WH_0863,2598000,1299.0
WH_0864,11133000,5566.5
WH_0865,1797000,898.5
WH_0866,21478000,10739.0
WH_0867,500000,250.0
WH_0868,1650000,825.0
WH_0869,6979000,3489.5
WH_0870,500000,250.0
WH_0871,500000,250.0
WH_0872,26004000,13002.0
WH_0873,5823000,2911.5
WH_0874,6364000,3182.0
WH_0875,500000,250.0
WH_0876,6938000,3469.0
WH_0877,2480000,1240.0
WH_0878,12097000,6048.5
WH_0879,2864000,1432.0
WH_0880,7556000,3778.0
WH_0881,11188000,5594.0
WH_0882,10964000,5482.0
WH_0883,2074000,1037.0
WH_0884,4550000,2275.0
WH_0885,4275000,2137.5
WH_0886,16035000,8017.5
WH_0887,1691000,845.5
WH_0888,28773000,14386.5
WH_0889,687000,343.5
WH_0890,2808000,1404.0
WH_0891,7251000,3625.5
WH_0892,500000,250.0
WH_0893,20894000,10447.0
WH_0894,30492000,15246.0
WH_0895,15042000,7521.0
WH_0896,1303000,651.5
WH_0897,2605000,1302.5
WH_0898,3602000,1801.0
WH_0899,553000,276.5
WH_0900,4526000,2263.0
WH_0901,14671000,7335.5
WH_0902,1780000,890.0
WH_0903,6747000,3373.5
WH_0904,6950000,3475.0
WH_0905,4242000,2121.0
WH_0906,88788000,44394.0
WH_0907,5359000,2679.5
WH_0908,5394000,2697.0
WH_0909,7339000,3669.5
WH_0910,1750000,875.0
WH_0911,9584000,4792.0
WH_0912,768000,384.0
WH_0913,4392000,2196.0
WH_0914,919000,459.5
WH_0915,794000,397.0
WH_0916,9529000,4764.5
WH_0917,3000000,1500.0
WH_0918,3083000,1541.5
WH_0919,2666000,1333.0
WH_0920,2231000,1115.5
WH_0921,5275000,2637.5
WH_0922,6030000,3015.0
WH_0923,10222000,5111.0
WH_0924,6432000,3216.0
WH_0925,19750000,9875.0
WH_0926,20675000,10337.5
WH_0927,3476000,1738.0
WH_0928,1758000,879.0
WH_0929,1161000,580.5
WH_0930,3296000,1648.0
WH_0931,798000,399.0
WH_0932,5025000,2512.5
WH_0933,1071000,535.5
WH_0934,34830000,17415.0
WH_0935,12459000,6229.5
WH_0936,3647000,1823.5
WH_0937,500000,250.0
WH_0938,7130000,3565.0
WH_0939,500000,250.0
WH_0940,12230000,6115.0
WH_0941,1743000,871.5
WH_0942,9900000,4950.0
WH_0943,2104000,1052.0
WH_0944,17761000,8880.5
WH_0945,1041000,520.5
WH_0946,521000,260.5
WH_0947,3425000,1712.5
WH_0948,6646000,3323.0
WH_0949,17300000,8650.0
WH_0950,2358000,1179.0
WH_0951,4158000,2079.0
WH_0952,23908000,11954.0
WH_0953,4416000,2208.0
WH_0954,29553000,14776.5
WH_0955,15396000,7698.0
WH_0956,3565000,1782.5
WH_0957,4364000,2182.0
WH_0958,8639000,4319.5
WH_0959,4304000,2152.0
WH_0960,3156000,1578.0
WH_0961,1413000,706.5
WH_0962,5604000,2802.0
WH_0963,2374000,1187.0
WH_0964,2136000,1068.0
WH_0965,3078000,1539.0
WH_0966,2983000,1491.5
WH_0967,1012000,506.0
WH_0968,1992000,996.0
WH_0969,15841000,7920.5
WH_0970,9196000,4598.0
WH_0971,1927000,963.5
WH_0972,14363000,7181.5
WH_0973,3006000,1503.0
WH_0974,2342000,1171.0
WH_0975,11559000,5779.5
WH_0976,8306000,4153.0
WH_0977,6417000,3208.5
WH_0978,2181000,1090.5
WH_0979,14479000,7239.5
WH_0980,1196000,598.0
WH_0981,11882000,5941.0
WH_0982,2619000,1309.5
WH_0983,1394000,697.0
WH_0984,11319000,5659.5
WH_0985,1779000,889.5
WH_0986,4690000,2345.0
WH_0987,1360000,680.0
WH_0988,6170000,3085.0
WH_0989,6134000,3067.0
WH_0990,153596000,76798.0
WH_0991,3994000,1997.0
WH_0992,2039000,1019.5
WH_0993,10136000,5068.0
WH_0994,17496000,8748.0
WH_0995,1707000,853.5
WH_0996,27546000,13773.0
WH_0997,1660000,830.0
WH_0998,50486000,25243.0
WH_0999,6488000,3244.0
WH_1000,1724000,862.0
WH_1001,1637000,818.5
WH_1002,5774000,2887.0
WH_1003,1748000,874.0
WH_1004,14069000,7034.5
WH_1005,3307000,1653.5
WH_1006,3478000,1739.0
WH_1007,22751000,11375.5
WH_1008,1352000,676.0
WH_1009,1231000,615.5
WH_1010,1595000,797.5
WH_1011,18416000,9208.0
WH_1012,7585000,3792.5
WH_1013,1190000,595.0
WH_1014,1454000,727.0
WH_1015,4607000,2303.5
WH_1016,79543000,39771.5
WH_1017,766000,383.0
WH_1018,8692000,4346.0
WH_1019,1325000,662.5
WH_1020,769000,384.5
WH_1021,26358000,13179.0
WH_1022,4110000,2055.0
WH_1023,11468000,5734.0
WH_1024,21504000,10752.0
WH_1025,3494000,1747.0
WH_1026,4170000,2085.0
WH_1027,8217000,4108.5
WH_1028,4029000,2014.5
WH_1029,8517000,4258.5
WH_1030,649000,324.5
WH_1031,2099000,1049.5
WH_1032,6083000,3041.5
WH_1033,4479000,2239.5
WH_1034,42986000,21493.0
WH_1035,3513000,1756.5
WH_1036,2051000,1025.5
WH_1037,6343000,3171.5
WH_1038,2498000,1249.0
WH_1039,13821000,6910.5
WH_1040,1875000,937.5
WH_1041,52420000,26210.0
WH_1042,29347000,14673.5
WH_1043,8864000,4432.0
WH_1044,4365000,2182.5
WH_1045,11142000,5571.0
WH_1046,57310000,28655.0
WH_1047,53630000,26815.0
WH_1048,4120000,2060.0
WH_1049,1042000,521.0
WH_1050,4480000,2240.0
WH_1051,583000,291.5
WH_1052,25886000,12943.0
WH_1053,8603000,4301.5
WH_1054,4370000,2185.0
WH_1055,9784000,4892.0
WH_1056,6983000,3491.5
WH_1057,5821000,2910.5
WH_1058,1250000,625.0
WH_1059,3086000,1543.0
WH_1060,1090000,545.0
WH_1061,500000,250.0
WH_1062,3129000,1564.5
WH_1063,37604000,18802.0
WH_1064,16785000,8392.5
WH_1065,2998000,1499.0
WH_1066,3781000,1890.5
WH_1067,5233000,2616.5
WH_1068,1052000,526.0
WH_1069,19620000,9810.0
WH_1070,500000,250.0
WH_1071,1462000,731.0
WH_1072,10915000,5457.5
WH_1073,3320000,1660.0
WH_1074,2585000,1292.5
WH_1075,13077000,6538.5
WH_1076,3203000,1601.5
WH_1077,5189000,2594.5
WH_1078,947000,473.5
WH_1079,8958000,4479.0
WH_1080,1716000,858.0
WH_1081,8281000,4140.5
WH_1082,8179000,4089.5
WH_1083,8985000,4492.5
WH_1084,34718000,17359.0
WH_1085,3876000,1938.0
WH_1086,1392000,696.0
WH_1087,4341000,2170.5
WH_1088,33301000,16650.5
WH_1089,4634000,2317.0
WH_1090,28035000,14017.5
WH_1091,25637000,12818.5
WH_1092,28562000,14281.0
WH_1093,2597000,1298.5
WH_1094,100094000,50047.0
WH_1095,10600000,5300.0
WH_1096,1034000,517.0
WH_1097,500000,250.0
WH_1098,5229000,2614.5
WH_1099,6433000,3216.5
WH_1100,23727000,11863.5
WH_1101,1071000,535.5
WH_1102,2285000,1142.5
WH_1103,62927000,31463.5
WH_1104,1133000,566.5
WH_1105,2133000,1066.5
WH_1106,3055000,1527.5
WH_1107,77992000,38996.0
WH_1108,19452000,9726.0
WH_1109,7357000,3678.5
WH_1110,2074000,1037.0
WH_1111,12564000,6282.0
WH_1112,18005000,9002.5
WH_1113,5120000,2560.0
WH_1114,7903000,3951.5
WH_1115,1506000,753.0
WH_1116,14380000,7190.0
WH_1117,500000,250.0
WH_1118,1576000,788.0
WH_1119,772000,386.0
WH_1120,2296000,1148.0
WH_1121,8151000,4075.5
WH_1122,7662000,3831.0
WH_1123,2707000,1353.5
WH_1124,4713000,2356.5
WH_1125,6704000,3352.0
WH_1126,2930000,1465.0
WH_1127,8381000,4190.5
WH_1128,7608000,3804.0
WH_1129,5959000,2979.5
WH_1130,2051000,1025.5
WH_1131,20564000,10282.0
WH_1132,9982000,4991.0
WH_1133,16905000,8452.5
WH_1134,13150000,6575.0
WH_1135,5366000,2683.0
WH_1136,4445000,2222.5
WH_1137,6090000,3045.0
WH_1138,1771000,885.5
WH_1139,22708000,11354.0
WH_1140,13458000,6729.0
WH_1141,13998000,6999.0
WH_1142,7326000,3663.0
WH_1143,17645000,8822.5
WH_1144,1800000,900.0
WH_1145,2619000,1309.5
WH_1146,5153000,2576.5
WH_1147,6886000,3443.0
WH_1148,4065000,2032.5
WH_1149,3953000,1976.5
WH_1150,37942000,18971.0
WH_1151,2330000,1165.0
WH_1152,17743000,8871.5
WH_1153,13761000,6880.5
WH_1154,5849000,2924.5
WH_1155,2837000,1418.5
WH_1156,975000,487.5
WH_1157,7230000,3615.0
WH_1158,3953000,1976.5
WH_1159,27300000,13650.0
WH_1160,7295000,3647.5
WH_1161,2142000,1071.0
WH_1162,56982000,28491.0
WH_1163,7234000,3617.0
WH_1164,13200000,6600.0
WH_1165,1525000,762.5
WH_1166,2531000,1265.5
WH_1167,1923000,961.5
WH_1168,8655000,4327.5
WH_1169,500000,250.0
WH_1170,3321000,1660.5
WH_1171,8580000,4290.0
WH_1172,1699000,849.5
WH_1173,9931000,4965.5
WH_1174,3682000,1841.0
WH_1175,4035000,2017.5
WH_1176,1452000,726.0
WH_1177,1141000,570.5
WH_1178,9103000,4551.5
WH_1179,10786000,5393.0
WH_1180,8137000,4068.5
WH_1181,1078000,539.0
WH_1182,4237000,2118.5
WH_1183,3042000,1521.0
WH_1184,6118000,3059.0
WH_1185,1198000,599.0
WH_1186,8752000,4376.0
WH_1187,17040000,8520.0
WH_1188,3050000,1525.0
WH_1189,1538000,769.0
WH_1190,2097000,1048.5
WH_1191,33879000,16939.5
WH_1192,2820000,1410.0
WH_1193,2619000,1309.5
WH_1194,1302000,651.0
WH_1195,921000,460.5
WH_1196,3888000,1944.0
WH_1197,4873000,2436.5
WH_1198,2051000,1025.5
WH_1199,5813000,2906.5
WH_1200,5939000,2969.5
WH_1201,2024000,1012.0
WH_1202,6579000,3289.5
WH_1203,7059000,3529.5
WH_1204,1689000,844.5
WH_1205,500000,250.0
WH_1206,13623000,6811.5
WH_1207,1882000,941.0
WH_1208,16350000,8175.0
WH_1209,8227000,4113.5
WH_1210,4205000,2102.5
WH_1211,34123000,17061.5
WH_1212,909000,454.5
WH_1213,899000,449.5
WH_1214,1783000,891.5
WH_1215,4425000,2212.5
WH_1216,4577000,2288.5
WH_1217,3243000,1621.5
WH_1218,3282000,1641.0
WH_1219,1194000,597.0
WH_1220,30750000,15375.0
WH_1221,5282000,2641.0
WH_1222,993000,496.5
WH_1223,7746000,3873.0
WH_1224,500000,250.0
WH_1225,9369000,4684.5
WH_1226,1059000,529.5
WH_1227,67570000,33785.0
WH_1228,2360000,1180.0
WH_1229,18773000,9386.5
WH_1230,47502000,23751.0
WH_1231,2369000,1184.5
WH_1232,509000,254.5
WH_1233,3051000,1525.5
WH_1234,5454000,2727.0
WH_1235,9023000,4511.5
WH_1236,1395000,697.5
WH_1237,215878000,107939.0
WH_1238,500000,250.0
WH_1239,49421000,24710.5
WH_1240,2792000,1396.0
WH_1241,500000,250.0
WH_1242,3346000,1673.0
WH_1243,1744000,872.0
WH_1244,8666000,4333.0
WH_1245,500000,250.0
WH_1246,10509000,5254.5
WH_1247,1507000,753.5
WH_1248,2453000,1226.5
WH_1249,2641000,1320.5
WH_1250,890000,445.0
WH_1251,2177000,1088.5
WH_1252,3598000,1799.0
WH_1253,13831000,6915.5
WH_1254,500000,250.0
WH_1255,9139000,4569.5
WH_1256,2150000,1075.0
WH_1257,707000,353.5
WH_1258,2987000,1493.5
WH_1259,4336000,2168.0
WH_1260,6109000,3054.5
WH_1261,1446000,723.0
WH_1262,8420000,4210.0
WH_1263,12087000,6043.5
WH_1264,7203000,3601.5
WH_1265,6168000,3084.0
WH_1266,17410000,8705.0
WH_1267,777000,388.5
WH_1268,5629000,2814.5
WH_1269,3084000,1542.0
WH_1270,2126000,1063.0
WH_1271,23704000,11852.0
WH_1272,5409000,2704.5
WH_1273,1315000,657.5
WH_1274,6412000,3206.0
WH_1275,10043000,5021.5
WH_1276,5360000,2680.0
WH_1277,24867000,12433.5
WH_1278,6580000,3290.0
WH_1279,3864000,1932.0
WH_1280,1934000,967.0
WH_1281,34737000,17368.5
WH_1282,509000,254.5
WH_1283,2370000,1185.0
WH_1284,6305000,3152.5
WH_1285,1708000,854.0
WH_1286,35863000,17931.5
WH_1287,17755000,8877.5
WH_1288,3084000,1542.0
WH_1289,14322000,7161.0
WH_1290,35103000,17551.5
WH_1291,794000,397.0
WH_1292,4386000,2193.0
WH_1293,4571000,2285.5
WH_1294,2006000,1003.0
WH_1295,9245000,4622.5
WH_1296,5437000,2718.5
WH_1297,3560000,1780.0
WH_1298,12741000,6370.5
WH_1299,16053000,8026.5
WH_1300,4053000,2026.5
WH_1301,3982000,1991.0
WH_1302,7104000,3552.0
WH_1303,6864000,3432.0
WH_1304,2436000,1218.0
WH_1305,82363000,41181.5
WH_1306,4556000,2278.0
WH_1307,22946000,11473.0
WH_1308,2711000,1355.5
WH_1309,500000,250.0
WH_1310,1328000,664.0
WH_1311,5612000,2806.0
WH_1312,500000,250.0
WH_1313,3613000,1806.5
WH_1314,528000,264.0
WH_1315,45614000,22807.0
WH_1316,564000,282.0
WH_1317,4882000,2441.0
WH_1318,9172000,4586.0
WH_1319,6849000,3424.5
WH_1320,25001000,12500.5
WH_1321,753000,376.5
WH_1322,3240000,1620.0
WH_1323,539000,269.5
WH_1324,11367000,5683.5
WH_1325,5986000,2993.0
WH_1326,4587000,2293.5
WH_1327,6320000,3160.0
WH_1328,17027000,8513.5
WH_1329,4403000,2201.5
WH_1330,3484000,1742.0
WH_1331,4574000,2287.0
WH_1332,500000,250.0
WH_1333,4194000,2097.0
WH_1334,1345000,672.5
WH_1335,2397000,1198.5
WH_1336,7607000,3803.5
WH_1337,19757000,9878.5
WH_1338,6272000,3136.0
WH_1339,30060000,15030.0
WH_1340,2933000,1466.5
WH_1341,20909000,10454.5
WH_1342,5719000,2859.5
WH_1343,2956000,1478.0
WH_1344,11431000,5715.5
WH_1345,2308000,1154.0
WH_1346,2814000,1407.0
WH_1347,8899000,4449.5
WH_1348,16434000,8217.0
WH_1349,5916000,2958.0
WH_1350,4321000,2160.5
WH_1351,1968000,984.0
WH_1352,14482000,7241.0
WH_1353,11133000,5566.5
WH_1354,6244000,3122.0
WH_1355,670000,335.0
WH_1356,3358000,1679.0
WH_1357,50920000,25460.0
WH_1358,5079000,2539.5
WH_1359,1590000,795.0
WH_1360,5203000,2601.5
WH_1361,7983000,3991.5
WH_1362,3331000,1665.5
WH_1363,7107000,3553.5
WH_1364,20632000,10316.0
WH_1365,2616000,1308.0
WH_1366,6425000,3212.5
WH_1367,1325000,662.5
WH_1368,10670000,5335.0
WH_1369,7005000,3502.5
WH_1370,6072000,3036.0
WH_1371,2371000,1185.5
WH_1372,881000,440.5
WH_1373,9117000,4558.5
WH_1374,2593000,1296.5
WH_1375,1668000,834.0
WH_1376,15235000,7617.5
WH_1377,1711000,855.5
WH_1378,13579000,6789.5
WH_1379,9406000,4703.0
WH_1380,4567000,2283.5
WH_1381,6251000,3125.5
WH_1382,500000,250.0
WH_1383,25429000,12714.5
WH_1384,15291000,7645.5
WH_1385,7483000,3741.5
WH_1386,2753000,1376.5
WH_1387,6451000,3225.5
WH_1388,11328000,5664.0
WH_1389,3266000,1633.0
WH_1390,6424000,3212.0
WH_1391,500000,250.0
WH_1392,5541000,2770.5
WH_1393,2714000,1357.0
WH_1394,7016000,3508.0
WH_1395,1226000,613.0
WH_1396,10878000,5439.0
WH_1397,13517000,6758.5
WH_1398,1227000,613.5
WH_1399,5591000,2795.5
WH_1400,22939000,11469.5
WH_1401,13561000,6780.5
WH_1402,12184000,6092.0
WH_1403,1172000,586.0
WH_1404,9548000,4774.0
WH_1405,8142000,4071.0
WH_1406,4923000,2461.5
WH_1407,2423000,1211.5
WH_1408,36785000,18392.5
WH_1409,500000,250.0
WH_1410,970000,485.0
WH_1411,3801000,1900.5
WH_1412,6760000,3380.0
WH_1413,1183000,591.5
WH_1414,1599000,799.5
WH_1415,2978000,1489.0
WH_1416,1673000,836.5
WH_1417,8917000,4458.5
WH_1418,19402000,9701.0
WH_1419,4611000,2305.5
WH_1420,15279000,7639.5
WH_1421,11979000,5989.5
WH_1422,3415000,1707.5
WH_1423,1411000,705.5
WH_1424,2399000,1199.5
WH_1425,4357000,2178.5
WH_1426,3725000,1862.5
WH_1427,14008000,7004.0
WH_1428,3427000,1713.5
WH_1429,2578000,1289.0
WH_1430,38671000,19335.5
WH_1431,12711000,6355.5
WH_1432,1124000,562.0
WH_1433,2403000,1201.5
WH_1434,2437000,1218.5
WH_1435,1197000,598.5
WH_1436,13332000,6666.0
WH_1437,4880000,2440.0
WH_1438,20573000,10286.5
WH_1439,2831000,1415.5
WH_1440,6220000,3110.0
WH_1441,4867000,2433.5
WH_1442,23145000,11572.5
WH_1443,3793000,1896.5
WH_1444,23719000,11859.5
WH_1445,3248000,1624.0
WH_1446,1796000,898.0
WH_1447,27732000,13866.0
WH_1448,3389000,1694.5
WH_1449,4818000,2409.0
WH_1450,39006000,19503.0
WH_1451,7536000,3768.0
WH_1452,2039000,1019.5
WH_1453,770000,385.0
WH_1454,13431000,6715.5
WH_1455,9208000,4604.0
WH_1456,500000,250.0
WH_1457,3749000,1874.5
WH_1458,34186000,17093.0
WH_1459,706000,353.0
WH_1460,10425000,5212.5
WH_1461,11432000,5716.0
WH_1462,1589000,794.5
WH_1463,29096000,14548.0
WH_1464,2792000,1396.0
WH_1465,2276000,1138.0
WH_1466,5129000,2564.5
WH_1467,8746000,4373.0
WH_1468,1548000,774.0
WH_1469,13818000,6909.0
WH_1470,2461000,1230.5
WH_1471,1416000,708.0
WH_1472,1572000,786.0
WH_1473,4450000,2225.0
WH_1474,9249000,4624.5
WH_1475,9065000,4532.5
WH_1476,2799000,1399.5
WH_1477,10933000,5466.5
WH_1478,4212000,2106.0
WH_1479,15465000,7732.5
WH_1480,10007000,5003.5
WH_1481,5418000,2709.0
WH_1482,20356000,10178.0
WH_1483,16458000,8229.0
WH_1484,3414000,1707.0
WH_1485,6328000,3164.0
WH_1486,5030000,2515.0
WH_1487,1401000,700.5
WH_1488,15513000,7756.5
WH_1489,955000,477.5
WH_1490,8910000,4455.0
WH_1491,33698000,16849.0
WH_1492,1335000,667.5
WH_1493,18485000,9242.5
WH_1494,3016000,1508.0
WH_1495,815000,407.5
WH_1496,11688000,5844.0
WH_1497,11008000,5504.0
WH_1498,6631000,3315.5
WH_1499,16904000,8452.0
WH_1500,1526000,763.0
WH_1501,500000,250.0
WH_1502,20805000,10402.5
WH_1503,6870000,3435.0
WH_1504,1519000,759.5
WH_1505,11815000,5907.5
WH_1506,4007000,2003.5
WH_1507,4283000,2141.5
WH_1508,1078000,539.0
WH_1509,500000,250.0
WH_1510,4588000,2294.0
WH_1511,3586000,1793.0
WH_1512,10751000,5375.5
WH_1513,12183000,6091.5
WH_1514,1873000,936.5
WH_1515,23969000,11984.5
WH_1516,3514000,1757.0
WH_1517,1781000,890.5
WH_1518,6565000,3282.5
WH_1519,14887000,7443.5
WH_1520,1184000,592.0
WH_1521,500000,250.0
WH_1522,1977000,988.5
WH_1523,1867000,933.5
WH_1524,4147000,2073.5
WH_1525,500000,250.0
WH_1526,8736000,4368.0
WH_1527,9295000,4647.5
WH_1528,81829000,40914.5
WH_1529,5749000,2874.5
WH_1530,1824000,912.0
WH_1531,4487000,2243.5
WH_1532,4705000,2352.5
WH_1533,197251000,98625.5
WH_1534,6499000,3249.5
WH_1535,984000,492.0
WH_1536,15700000,7850.0
WH_1537,1767000,883.5
WH_1538,2782000,1391.0
WH_1539,6457000,3228.5
WH_1540,1138000,569.0
WH_1541,1371000,685.5
WH_1542,1282000,641.0
WH_1543,3071000,1535.5
WH_1544,3140000,1570.0
WH_1545,2709000,1354.5
WH_1546,1829000,914.5
WH_1547,13260000,6630.0
WH_1548,6334000,3167.0
WH_1549,24868000,12434.0
WH_1550,7089000,3544.5
WH_1551,8407000,4203.5
WH_1552,6544000,3272.0
WH_1553,18322000,9161.0
WH_1554,18899000,9449.5
WH_1555,4933000,2466.5
WH_1556,916000,458.0
WH_1557,5428000,2714.0
WH_1558,17121000,8560.5
WH_1559,3094000,1547.0
WH_1560,22109000,11054.5
WH_1561,7275000,3637.5
WH_1562,17538000,8769.0
WH_1563,3353000,1676.5
WH_1564,7121000,3560.5
WH_1565,1592000,796.0
WH_1566,28094000,14047.0
WH_1567,1465000,732.5
WH_1568,945000,472.5
WH_1569,7844000,3922.0
WH_1570,14250000,7125.0
WH_1571,9680000,4840.0
WH_1572,5341000,2670.5
WH_1573,500000,250.0
WH_1574,9702000,4851.0
WH_1575,11541000,5770.5
WH_1576,1776000,888.0
WH_1577,570000,285.0
WH_1578,1065000,532.5
WH_1579,2036000,1018.0
WH_1580,11852000,5926.0
WH_1581,5388000,2694.0
WH_1582,56989000,28494.5
WH_1583,4585000,2292.5
WH_1584,721000,360.5
WH_1585,1425000,712.5
WH_1586,5001000,2500.5
WH_1587,11816000,5908.0
WH_1588,86963000,43481.5
WH_1589,34498000,17249.0
WH_1590,645000,322.5
WH_1591,13275000,6637.5
WH_1592,4787000,2393.5
WH_1593,11788000,5894.0
WH_1594,3549000,1774.5
WH_1595,11513000,5756.5
WH_1596,2955000,1477.5
WH_1597,3287000,1643.5
WH_1598,3844000,1922.0
WH_1599,4795000,2397.5
WH_1600,3776000,1888.0
WH_1601,6254000,3127.0
WH_1602,17062000,8531.0
WH_1603,1492000,746.0
WH_1604,1362000,681.0
WH_1605,4815000,2407.5
WH_1606,2087000,1043.5
WH_1607,925000,462.5
WH_1608,3245000,1622.5
WH_1609,1958000,979.0
WH_1610,8973000,4486.5
WH_1611,7945000,3972.5
WH_1612,5194000,2597.0
WH_1613,2761000,1380.5
WH_1614,911000,455.5
WH_1615,36609000,18304.5
WH_1616,13098000,6549.0
WH_1617,3608000,1804.0
WH_1618,2164000,1082.0
WH_1619,5881000,2940.5
WH_1620,13529000,6764.5
WH_1621,736000,368.0
WH_1622,11787000,5893.5
WH_1623,2468000,1234.0
WH_1624,3014000,1507.0
WH_1625,4234000,2117.0
WH_1626,7264000,3632.0
WH_1627,9152000,4576.0
WH_1628,4851000,2425.5
WH_1629,3940000,1970.0
WH_1630,500000,250.0
WH_1631,12753000,6376.5
WH_1632,4102000,2051.0
WH_1633,7129000,3564.5
WH_1634,1489000,744.5
WH_1635,1031000,515.5
WH_1636,5008000,2504.0
WH_1637,3863000,1931.5
WH_1638,500000,250.0
WH_1639,1633000,816.5
WH_1640,4677000,2338.5
WH_1641,536000,268.0
WH_1642,3280000,1640.0
WH_1643,3305000,1652.5
WH_1644,12393000,6196.5
WH_1645,19768000,9884.0
WH_1646,5296000,2648.0
WH_1647,3982000,1991.0
WH_1648,9001000,4500.5
WH_1649,2653000,1326.5
WH_1650,4995000,2497.5
WH_1651,166506000,83253.0
WH_1652,8095000,4047.5
WH_1653,43008000,21504.0
WH_1654,3611000,1805.5
WH_1655,918000,459.0
WH_1656,13432000,6716.0
WH_1657,12101000,6050.5
WH_1658,4837000,2418.5
WH_1659,13138000,6569.0
WH_1660,2575000,1287.5
WH_1661,1842000,921.0
WH_1662,2025000,1012.5
WH_1663,22094000,11047.0
WH_1664,8111000,4055.5
WH_1665,18225000,9112.5
WH_1666,11719000,5859.5
WH_1667,1165000,582.5
WH_1668,12582000,6291.0
WH_1669,1937000,968.5
WH_1670,10839000,5419.5
WH_1671,34288000,17144.0
WH_1672,25237000,12618.5
WH_1673,32483000,16241.5
WH_1674,1633000,816.5
WH_1675,5407000,2703.5
WH_1676,6868000,3434.0
WH_1677,13759000,6879.5
WH_1678,18007000,9003.5
WH_1679,1977000,988.5
WH_1680,21600000,10800.0
WH_1681,2235000,1117.5
WH_1682,3772000,1886.0
WH_1683,6425000,3212.5
WH_1684,6326000,3163.0
WH_1685,2640000,1320.0
WH_1686,604000,302.0
WH_1687,6684000,3342.0
WH_1688,2704000,1352.0
WH_1689,3240000,1620.0
WH_1690,8212000,4106.0
WH_1691,3310000,1655.0
WH_1692,500000,250.0
WH_1693,10265000,5132.5
WH_1694,19825000,9912.5
WH_1695,693000,346.5
WH_1696,3534000,1767.0
WH_1697,5294000,2647.0
WH_1698,815000,407.5
WH_1699,2733000,1366.5
WH_1700,1273000,636.5
WH_1701,8250000,4125.0
WH_1702,500000,250.0
WH_1703,2432000,1216.0
WH_1704,37102000,18551.0
WH_1705,24865000,12432.5
WH_1706,500000,250.0
WH_1707,5560000,2780.0
WH_1708,12885000,6442.5
WH_1709,507000,253.5
WH_1710,3051000,1525.5
WH_1711,1769000,884.5
WH_1712,19542000,9771.0
WH_1713,2613000,1306.5
WH_1714,14064000,7032.0
WH_1715,3106000,1553.0
WH_1716,1194000,597.0
WH_1717,14931000,7465.5
WH_1718,10798000,5399.0
WH_1719,1948000,974.0
WH_1720,2343000,1171.5
WH_1721,11221000,5610.5
WH_1722,20349000,10174.5
WH_1723,2387000,1193.5
WH_1724,2568000,1284.0
WH_1725,973000,486.5
WH_1726,908000,454.0
WH_1727,38006000,19003.0
WH_1728,26354000,13177.0
WH_1729,1417000,708.5
WH_1730,10846000,5423.0
WH_1731,500000,250.0
WH_1732,6630000,3315.0
WH_1733,30289000,15144.5
WH_1734,2697000,1348.5
WH_1735,3944000,1972.0
WH_1736,18376000,9188.0
WH_1737,5428000,2714.0
WH_1738,12018000,6009.0
WH_1739,2093000,1046.5
WH_1740,16747000,8373.5
WH_1741,8242000,4121.0
WH_1742,2248000,1124.0
WH_1743,11427000,5713.5
WH_1744,936000,468.0
WH_1745,1392000,696.0
WH_1746,4146000,2073.0
WH_1747,10563000,5281.5
WH_1748,794000,397.0
WH_1749,1110000,555.0
WH_1750,2222000,1111.0
WH_1751,1759000,879.5
WH_1752,4992000,2496.0
WH_1753,23167000,11583.5
WH_1754,6327000,3163.5
WH_1755,1385000,692.5
WH_1756,15413000,7706.5
WH_1757,21349000,10674.5
WH_1758,662000,331.0
WH_1759,2723000,1361.5
WH_1760,8006000,4003.0
WH_1761,4554000,2277.0
WH_1762,17303000,8651.5
WH_1763,1402000,701.0
WH_1764,12045000,6022.5
WH_1765,18129000,9064.5
WH_1766,1483000,741.5
WH_1767,3252000,1626.0
WH_1768,500000,250.0
WH_1769,975000,487.5
WH_1770,16775000,8387.5
WH_1771,19951000,9975.5
WH_1772,500000,250.0
WH_1773,2531000,1265.5
WH_1774,7779000,3889.5
WH_1775,8033000,4016.5
WH_1776,8525000,4262.5
WH_1777,3802000,1901.0
WH_1778,6404000,3202.0
WH_1779,14449000,7224.5
WH_1780,40938000,20469.0
WH_1781,2662000,1331.0
WH_1782,3324000,1662.0
WH_1783,3346000,1673.0
WH_1784,8708000,4354.0
WH_1785,7284000,3642.0
WH_1786,7633000,3816.5
WH_1787,5894000,2947.0
WH_1788,11481000,5740.5
WH_1789,3269000,1634.5
WH_1790,2511000,1255.5
WH_1791,12242000,6121.0
WH_1792,32268000,16134.0
WH_1793,3979000,1989.5
WH_1794,19032000,9516.0
WH_1795,16520000,8260.0
WH_1796,2196000,1098.0
WH_1797,4958000,2479.0
WH_1798,877000,438.5
WH_1799,616000,308.0
WH_1800,5194000,2597.0
WH_1801,1010000,505.0
WH_1802,24691000,12345.5
WH_1803,1570000,785.0
WH_1804,5205000,2602.5
WH_1805,22163000,11081.5
WH_1806,4016000,2008.0
WH_1807,7317000,3658.5
WH_1808,9217000,4608.5
WH_1809,4333000,2166.5
WH_1810,3787000,1893.5
WH_1811,3256000,1628.0
WH_1812,7034000,3517.0
WH_1813,5456000,2728.0
WH_1814,7924000,3962.0
WH_1815,8439000,4219.5
WH_1816,500000,250.0
WH_1817,1958000,979.0
WH_1818,1144000,572.0
WH_1819,5785000,2892.5
WH_1820,5175000,2587.5
WH_1821,2468000,1234.0
WH_1822,26754000,13377.0
WH_1823,7376000,3688.0
WH_1824,847000,423.5
WH_1825,3101000,1550.5
WH_1826,1523000,761.5
WH_1827,26086000,13043.0
WH_1828,1407000,703.5
WH_1829,2638000,1319.0
WH_1830,9136000,4568.0
WH_1831,5590000,2795.0
WH_1832,4465000,2232.5
WH_1833,47388000,23694.0
WH_1834,1802000,901.0
WH_1835,8455000,4227.5
WH_1836,11357000,5678.5
WH_1837,8508000,4254.0
WH_1838,9990000,4995.0
WH_1839,604000,302.0
WH_1840,500000,250.0
WH_1841,3492000,1746.0
WH_1842,3605000,1802.5
WH_1843,7004000,3502.0
WH_1844,43594000,21797.0
WH_1845,500000,250.0
WH_1846,3726000,1863.0
WH_1847,6392000,3196.0
WH_1848,11170000,5585.0
WH_1849,1097000,548.5
WH_1850,6784000,3392.0
WH_1851,2401000,1200.5
WH_1852,5122000,2561.0
WH_1853,3701000,1850.5
WH_1854,13156000,6578.0
WH_1855,500000,250.0
WH_1856,2417000,1208.5
WH_1857,819000,409.5
WH_1858,2555000,1277.5
WH_1859,1627000,813.5
WH_1860,2795000,1397.5
WH_1861,936000,468.0
WH_1862,2639000,1319.5
WH_1863,21853000,10926.5
WH_1864,571000,285.5
WH_1865,2234000,1117.0
WH_1866,3091000,1545.5
WH_1867,7574000,3787.0
WH_1868,1516000,758.0
WH_1869,1843000,921.5
WH_1870,26133000,13066.5
WH_1871,833000,416.5
WH_1872,1806000,903.0
WH_1873,3740000,1870.0
WH_1874,793000,396.5
WH_1875,746000,373.0
WH_1876,18218000,9109.0
WH_1877,4095000,2047.5
WH_1878,3085000,1542.5
WH_1879,36520000,18260.0
WH_1880,4429000,2214.5
WH_1881,3707000,1853.5
WH_1882,519000,259.5
WH_1883,22087000,11043.5
WH_1884,5423000,2711.5
WH_1885,11013000,5506.5
WH_1886,7974000,3987.0
WH_1887,5561000,2780.5
WH_1888,8351000,4175.5
WH_1889,21883000,10941.5
WH_1890,12403000,6201.5
WH_1891,8879000,4439.5
WH_1892,19912000,9956.0
WH_1893,5790000,2895.0
WH_1894,12985000,6492.5
WH_1895,4240000,2120.0
WH_1896,57791000,28895.5
WH_1897,5125000,2562.5
WH_1898,5716000,2858.0
WH_1899,7373000,3686.5
WH_1900,4919000,2459.5
WH_1901,8403000,4201.5
WH_1902,10381000,5190.5
WH_1903,1483000,741.5
WH_1904,7875000,3937.5
WH_1905,1888000,944.0
WH_1906,3063000,1531.5
WH_1907,1483000,741.5
WH_1908,6038000,3019.0
WH_1909,8617000,4308.5
WH_1910,2305000,1152.5
WH_1911,3801000,1900.5
WH_1912,733000,366.5
WH_1913,4580000,2290.0
WH_1914,18270000,9135.0
WH_1915,67123000,33561.5
WH_1916,15626000,7813.0
WH_1917,97794000,48897.0
WH_1918,5653000,2826.5
WH_1919,500000,250.0
WH_1920,2952000,1476.0
WH_1921,887000,443.5
WH_1922,643000,321.5
WH_1923,15443000,7721.5
WH_1924,3206000,1603.0
